simulation_time,daily_demand,final_units_produced,external_demand,fulfilled_demand,ending_backlog,service_level,orders_created,shipments_created,shipments_delivered,disruptions,s6_production_starts,s6_production_completions,s6_throughput_per_day,s6_starved_days,s6_unstarted_units_due_to_storage,m1_production_starts,m1_production_completions,m1_throughput_per_day,m1_starved_days,m1_unstarted_units_due_to_storage,a1_production_starts,a1_production_completions,a1_throughput_per_day,a1_starved_days,a1_unstarted_units_due_to_storage,s1_disruption_count,s1_disrupted_days,s2_disruption_count,s2_disrupted_days,s3_disruption_count,s3_disrupted_days,s4_disruption_count,s4_disrupted_days,s5_disruption_count,s5_disrupted_days,s6_disruption_count,s6_disrupted_days,m1_disruption_count,m1_disrupted_days,a1_disruption_count,a1_disrupted_days,inventory_m1_propulsion_module_ending_on_hand,inventory_m1_propulsion_module_average_on_hand,inventory_m1_propulsion_module_maximum_on_hand,inventory_m1_propulsion_module_stockout_days,inventory_s6_motor_case_ending_on_hand,inventory_s6_motor_case_average_on_hand,inventory_s6_motor_case_maximum_on_hand,inventory_s6_motor_case_stockout_days,inventory_a1_final_modeled_unit_ending_on_hand,inventory_a1_final_modeled_unit_average_on_hand,inventory_a1_final_modeled_unit_maximum_on_hand,inventory_a1_final_modeled_unit_stockout_days,motor_cases_on_hand,propulsion_modules_on_hand,final_units_on_hand,random_seed,trial_number
365,1,203,365,205.0,160.0,0.5616438356164384,144,144,139,10,369,318,0.8712328767123287,31,40,215,204,0.5589041095890411,167,183,205,203,0.5561643835616439,195,232,0,0,0,0,0,0,0,0,0,0,9,50,1,3,0,0,1,1.5095890410958903,11,161,5,48.16986301369863,163,41,0.0,0.5589041095890411,4.0,211,5,1,0.0,1000,1
365,1,203,365,205.0,160.0,0.5616438356164384,137,137,134,9,365,308,0.8438356164383561,61,79,215,208,0.5698630136986301,168,186,208,203,0.5561643835616439,197,229,0,0,1,6,1,4,2,12,0,0,5,23,0,0,0,0,3,1.4657534246575343,9,177,69,38.45753424657534,128,49,0.0,0.5589041095890411,4.0,215,69,3,0.0,1001,2
365,1,189,365,191.0,174.0,0.5232876712328767,139,139,137,10,357,331,0.9068493150684932,80,103,200,197,0.5397260273972603,179,197,194,189,0.5178082191780822,207,243,0,0,0,0,0,0,5,28,1,9,3,11,1,4,0,0,6,1.3123287671232877,8,171,121,45.8027397260274,126,38,0.0,0.5205479452054794,3.0,225,121,6,0.0,1002,3
365,1,191,365,191.0,174.0,0.5232876712328767,132,132,130,12,355,306,0.8383561643835616,79,102,200,196,0.536986301369863,179,199,194,191,0.5232876712328767,207,239,0,0,0,0,0,0,3,22,3,15,3,13,1,2,2,4,1,1.284931506849315,10,171,153,51.02191780821918,153,37,2.0,0.5260273972602739,3.0,217,153,1,2.0,1003,4
365,1,209,365,210.0,155.0,0.5753424657534246,146,146,144,10,375,329,0.9013698630136986,57,73,220,215,0.589041095890411,164,178,214,209,0.5726027397260274,188,222,0,0,0,0,0,0,2,9,1,5,5,20,1,3,1,1,3,1.5753424657534247,10,154,158,53.81095890410959,158,41,1.0,0.5753424657534246,3.0,200,158,3,1.0,1004,5
365,1,213,365,214.0,151.0,0.5863013698630137,133,133,130,9,349,307,0.8410958904109589,87,112,226,215,0.589041095890411,154,170,218,213,0.5835616438356165,181,216,0,0,0,0,0,0,3,18,1,6,2,10,1,5,2,3,0,1.6575342465753424,10,157,31,41.64383561643836,137,40,1.0,0.5863013698630137,3.0,212,31,0,1.0,1005,6
365,1,197,365,197.0,168.0,0.5397260273972603,128,128,126,10,370,328,0.8986301369863013,51,65,201,200,0.547945205479452,182,200,202,197,0.5397260273972603,200,233,1,2,0,0,0,0,1,6,1,9,6,30,0,0,1,2,0,1.4958904109589042,8,172,110,49.0986301369863,137,40,2.0,0.5424657534246575,3.0,216,110,0,2.0,1006,7
365,1,201,365,203.0,162.0,0.5561643835616439,137,137,133,2,384,338,0.9260273972602739,70,90,213,200,0.547945205479452,171,188,203,201,0.5506849315068493,194,231,0,0,0,0,0,0,1,4,0,0,0,0,0,0,1,3,0,1.3972602739726028,10,172,111,50.12328767123287,137,44,0.0,0.5534246575342465,4.0,207,111,0,0.0,1007,8
365,1,207,365,208.0,157.0,0.5698630136986301,153,153,150,6,360,319,0.873972602739726,71,91,215,214,0.5863013698630137,163,181,212,207,0.5671232876712329,191,225,0,0,0,0,1,3,0,0,0,0,4,18,1,5,0,0,1,1.4219178082191781,10,147,22,47.8054794520548,151,40,1.0,0.5698630136986301,4.0,206,22,1,1.0,1008,9
365,1,206,365,206.0,159.0,0.5643835616438356,138,138,135,5,405,358,0.9808219178082191,38,48,215,213,0.5835616438356165,164,181,211,206,0.5643835616438356,191,226,0,0,0,0,0,0,0,0,0,0,3,16,2,5,0,0,3,1.526027397260274,9,159,154,53.58904109589041,154,43,2.0,0.5671232876712329,4.0,216,154,3,2.0,1009,10
365,1,193,365,195.0,170.0,0.5342465753424658,134,134,132,11,342,300,0.821917808219178,88,114,200,198,0.5424657534246575,185,201,198,193,0.5287671232876713,207,239,2,6,0,0,1,3,3,22,2,17,3,14,0,0,0,0,3,1.2465753424657535,9,167,133,45.43287671232877,133,36,0.0,0.5315068493150685,4.0,230,133,3,0.0,1010,11
365,1,203,365,204.0,161.0,0.5589041095890411,133,133,130,8,386,343,0.9397260273972603,34,43,205,200,0.547945205479452,178,196,203,203,0.5561643835616439,203,234,0,0,0,0,0,0,0,0,2,16,6,35,0,0,0,0,0,1.2821917808219179,9,176,132,53.04109589041096,132,40,1.0,0.5589041095890411,4.0,221,132,0,1.0,1011,12
365,1,203,365,205.0,160.0,0.5616438356164384,130,130,125,4,379,336,0.9205479452054794,66,85,215,203,0.5561643835616439,168,184,204,203,0.5561643835616439,198,233,0,0,0,0,0,0,0,0,1,5,2,8,1,2,0,0,1,1.5671232876712329,9,172,130,49.347945205479455,130,36,0.0,0.5589041095890411,4.0,220,130,1,0.0,1012,13
365,1,188,365,190.0,175.0,0.5205479452054794,130,130,128,12,362,314,0.8602739726027397,59,76,200,193,0.5287671232876713,183,201,192,188,0.5150684931506849,206,245,1,3,1,4,0,0,3,19,2,17,5,28,0,0,0,0,2,1.2602739726027397,8,181,115,43.1945205479452,115,37,0.0,0.5178082191780822,4.0,229,115,2,0.0,1013,14
365,1,201,365,201.0,164.0,0.5506849315068493,134,134,131,10,345,314,0.8602739726027397,68,87,205,200,0.547945205479452,179,193,203,201,0.5506849315068493,199,234,0,0,0,0,0,0,2,12,1,8,6,32,1,3,0,0,0,1.252054794520548,8,181,1,53.865753424657534,174,40,2.0,0.5534246575342465,4.0,217,1,0,2.0,1014,15
365,1,203,365,205.0,160.0,0.5616438356164384,130,130,126,8,354,316,0.8657534246575342,81,104,212,200,0.547945205479452,173,189,203,203,0.5561643835616439,193,231,1,4,0,0,0,0,2,14,1,9,2,12,0,0,2,3,0,1.4876712328767123,11,169,157,47.087671232876716,157,41,0.0,0.5589041095890411,3.0,211,157,0,0.0,1015,16
365,1,203,365,205.0,160.0,0.5616438356164384,136,136,133,11,375,330,0.9041095890410958,52,67,215,208,0.5698630136986301,167,184,206,203,0.5561643835616439,195,228,1,2,0,0,0,0,1,5,1,10,6,25,1,2,1,3,2,1.4821917808219178,11,175,157,55.43013698630137,157,42,0.0,0.5589041095890411,3.0,206,157,2,0.0,1016,17
365,1,203,365,205.0,160.0,0.5616438356164384,132,132,128,9,382,324,0.8876712328767123,42,54,211,200,0.547945205479452,173,190,203,203,0.5561643835616439,193,232,0,0,0,0,0,0,1,6,0,0,6,29,0,0,2,2,0,1.4191780821917808,9,164,125,48.35342465753425,125,39,0.0,0.5589041095890411,3.0,207,125,0,0.0,1017,18
365,1,188,365,190.0,175.0,0.5205479452054794,132,132,130,6,349,312,0.8547945205479452,90,116,200,195,0.5342465753424658,186,201,192,188,0.5150684931506849,209,245,0,0,0,0,0,0,3,15,2,15,1,7,0,0,0,0,5,1.3205479452054794,10,170,77,46.945205479452056,139,40,0.0,0.5178082191780822,4.0,222,77,5,0.0,1018,19
365,1,189,365,190.0,175.0,0.5205479452054794,129,129,127,16,350,315,0.863013698630137,60,77,200,195,0.5342465753424658,171,188,193,189,0.5178082191780822,203,244,0,0,0,0,1,5,1,8,3,18,7,36,4,12,0,0,1,1.547945205479452,9,163,134,51.586301369863016,134,44,1.0,0.5205479452054794,3.0,219,134,1,1.0,1019,20
365,1,197,365,199.0,166.0,0.5452054794520548,133,133,130,8,393,341,0.9342465753424658,41,52,204,200,0.547945205479452,170,187,203,197,0.5397260273972603,200,234,0,0,0,0,0,0,1,7,1,6,4,22,2,9,0,0,0,1.4931506849315068,11,166,157,53.26301369863014,157,39,0.0,0.5424657534246575,4.0,219,157,0,0.0,1020,21
365,1,211,365,212.0,153.0,0.5808219178082191,148,148,147,9,375,339,0.9287671232876712,62,80,222,215,0.589041095890411,164,179,217,211,0.5780821917808219,188,217,0,0,1,6,0,0,1,5,2,11,3,15,0,0,2,3,1,1.5287671232876712,10,150,60,44.95068493150685,146,41,1.0,0.5808219178082191,3.0,201,60,1,1.0,1021,22
365,1,203,365,205.0,160.0,0.5616438356164384,131,131,126,10,345,304,0.8328767123287671,94,121,215,204,0.5589041095890411,166,178,205,203,0.5561643835616439,197,231,3,11,0,0,0,0,3,13,0,0,1,6,2,7,1,1,2,1.4273972602739726,10,172,116,45.03013698630137,116,40,0.0,0.5589041095890411,3.0,215,116,2,0.0,1022,23
365,1,192,365,193.0,172.0,0.5287671232876713,126,126,124,5,354,316,0.8657534246575342,84,108,200,198,0.5424657534246575,184,201,196,192,0.5260273972602739,199,237,0,0,0,0,0,0,1,7,0,0,2,9,0,0,2,4,5,1.4986301369863013,10,168,138,48.602739726027394,138,40,1.0,0.5287671232876713,4.0,224,138,5,1.0,1023,24
365,1,203,365,205.0,160.0,0.5616438356164384,136,136,131,10,344,287,0.7863013698630137,97,125,215,203,0.5561643835616439,162,178,205,203,0.5561643835616439,196,231,0,0,0,0,0,0,2,16,4,28,1,4,2,7,1,1,1,1.452054794520548,9,167,117,41.205479452054796,117,40,0.0,0.5589041095890411,4.0,203,117,1,0.0,1024,25
365,1,203,365,205.0,160.0,0.5616438356164384,130,130,126,14,357,316,0.8657534246575342,78,100,212,201,0.5506849315068493,170,187,203,203,0.5561643835616439,191,231,2,5,0,0,0,0,3,17,3,17,3,13,1,2,2,3,1,1.4273972602739726,9,175,152,48.35616438356164,152,40,0.0,0.5589041095890411,3.0,224,152,1,0.0,1025,26
365,1,203,365,205.0,160.0,0.5616438356164384,129,129,125,11,363,313,0.8575342465753425,64,82,212,200,0.547945205479452,167,185,203,203,0.5561643835616439,195,232,1,4,0,0,0,0,1,5,3,16,4,22,1,4,1,2,0,1.4082191780821918,11,175,153,48.79178082191781,153,44,0.0,0.5589041095890411,3.0,217,153,0,0.0,1026,27
365,1,203,365,205.0,160.0,0.5616438356164384,145,145,140,4,373,321,0.8794520547945206,65,84,215,205,0.5616438356164384,173,186,207,203,0.5561643835616439,198,230,2,9,0,0,0,0,0,0,0,0,2,13,0,0,0,0,1,1.4383561643835616,8,153,96,37.56438356164384,127,47,0.0,0.5589041095890411,4.0,215,96,1,0.0,1027,28
365,1,195,365,197.0,168.0,0.5397260273972603,128,128,126,5,382,338,0.9260273972602739,68,87,200,200,0.547945205479452,178,199,201,195,0.5342465753424658,200,235,1,2,0,0,0,0,0,0,1,6,1,4,1,2,1,1,0,1.452054794520548,8,171,149,53.16986301369863,149,43,0.0,0.536986301369863,4.0,216,149,0,0.0,1028,29
365,1,203,365,205.0,160.0,0.5616438356164384,134,134,131,7,345,301,0.8246575342465754,93,120,215,201,0.5506849315068493,171,186,203,203,0.5561643835616439,201,234,0,0,0,0,2,10,2,11,2,16,1,7,0,0,0,0,1,1.2410958904109588,8,180,20,45.12602739726027,145,44,0.0,0.5589041095890411,3.0,212,20,1,0.0,1029,30
365,1,196,365,197.0,168.0,0.5397260273972603,131,131,129,6,398,356,0.9753424657534246,47,60,200,200,0.547945205479452,180,199,202,196,0.536986301369863,197,235,1,3,1,3,0,0,0,0,1,4,2,12,1,2,0,0,1,1.5178082191780822,10,169,125,53.78356164383562,148,37,1.0,0.5397260273972603,3.0,214,125,1,1.0,1030,31
365,1,188,365,190.0,175.0,0.5205479452054794,130,130,127,6,380,343,0.9397260273972603,69,89,198,186,0.5095890410958904,173,193,188,188,0.5150684931506849,209,249,0,0,0,0,0,0,1,8,2,16,1,4,2,9,0,0,1,1.336986301369863,9,180,101,49.59452054794521,156,41,0.0,0.5178082191780822,3.0,218,101,1,0.0,1031,32
365,1,200,365,199.0,166.0,0.5452054794520548,130,130,128,8,370,320,0.8767123287671232,70,90,201,200,0.547945205479452,178,193,203,200,0.547945205479452,199,233,0,0,0,0,0,0,1,6,2,12,2,11,2,6,1,1,0,1.4109589041095891,7,178,103,45.13972602739726,129,41,3.0,0.5506849315068493,3.0,220,103,0,3.0,1032,33
365,1,198,365,199.0,166.0,0.5452054794520548,127,127,127,9,373,318,0.8712328767123287,62,80,200,200,0.547945205479452,182,201,203,198,0.5424657534246575,195,231,0,0,0,0,0,0,1,4,2,14,4,16,0,0,2,3,0,1.4931506849315068,10,173,125,47.323287671232876,125,44,1.0,0.5452054794520548,3.0,208,125,0,1.0,1033,34
365,1,202,365,204.0,161.0,0.5589041095890411,139,139,135,16,345,312,0.8547945205479452,60,77,209,200,0.547945205479452,176,192,203,202,0.5534246575342465,198,230,1,4,0,0,1,6,3,15,2,16,7,40,0,0,2,4,0,1.2876712328767124,7,167,144,50.33972602739726,144,39,0.0,0.5561643835616439,3.0,210,144,0,0.0,1034,35
365,1,206,365,208.0,157.0,0.5698630136986301,138,138,135,10,345,303,0.8301369863013699,82,106,215,213,0.5835616438356165,167,186,210,206,0.5643835616438356,191,225,1,4,0,0,0,0,2,15,2,19,4,18,0,0,1,2,6,1.4438356164383561,10,165,40,39.56438356164384,128,44,0.0,0.5671232876712329,3.0,211,40,6,0.0,1035,36
365,1,203,365,205.0,160.0,0.5616438356164384,141,141,136,9,375,317,0.8684931506849315,52,67,215,207,0.5671232876712329,161,176,206,203,0.5561643835616439,196,231,0,0,0,0,1,3,1,6,0,0,5,25,2,9,0,0,2,1.4958904109589042,9,158,155,55.0986301369863,155,42,0.0,0.5589041095890411,3.0,217,155,2,0.0,1036,37
365,1,203,365,205.0,160.0,0.5616438356164384,141,141,138,2,375,336,0.9205479452054794,65,83,215,202,0.5534246575342465,168,186,204,203,0.5561643835616439,196,233,0,0,0,0,0,0,0,0,0,0,2,12,0,0,0,0,1,1.378082191780822,11,164,145,52.367123287671234,145,37,0.0,0.5589041095890411,4.0,212,145,1,0.0,1037,38
365,1,218,365,220.0,145.0,0.6027397260273972,153,153,150,10,375,337,0.9232876712328767,49,63,223,215,0.589041095890411,162,178,218,218,0.5972602739726027,182,217,1,2,0,0,1,3,1,8,0,0,6,28,0,0,1,2,0,1.4931506849315068,9,150,90,42.93424657534246,136,37,0.0,0.6,3.0,197,90,0,0.0,1038,39
365,1,196,365,198.0,167.0,0.5424657534246575,133,133,131,8,364,317,0.8684931506849315,75,97,203,200,0.547945205479452,168,182,203,196,0.536986301369863,192,227,0,0,0,0,0,0,0,0,0,0,2,10,4,15,2,6,0,1.6082191780821917,11,162,117,46.013698630136986,117,38,0.0,0.5397260273972603,3.0,206,117,0,0.0,1039,40
365,1,193,365,194.0,171.0,0.5315068493150685,131,131,129,10,345,307,0.8410958904109589,97,125,202,200,0.547945205479452,183,199,199,193,0.5287671232876713,190,231,1,3,0,0,1,6,3,19,2,19,1,3,0,0,2,6,1,1.4876712328767123,12,164,142,46.69041095890411,142,52,1.0,0.5315068493150685,3.0,214,142,1,1.0,1040,41
365,1,190,365,191.0,174.0,0.5232876712328767,131,131,129,10,345,305,0.8356164383561644,87,112,200,198,0.5424657534246575,183,201,194,190,0.5205479452054794,199,236,1,2,0,0,0,0,1,5,2,15,3,13,0,0,3,6,6,1.4082191780821918,8,168,105,40.0986301369863,110,43,1.0,0.5232876712328767,4.0,236,105,6,1.0,1041,42
365,1,207,365,209.0,156.0,0.5726027397260274,142,142,140,8,353,306,0.8383561643835616,80,103,215,214,0.5863013698630137,170,186,212,207,0.5671232876712329,188,225,1,2,0,0,1,4,1,6,2,8,3,14,0,0,0,0,2,1.4465753424657535,8,154,138,48.797260273972604,138,42,0.0,0.5698630136986301,4.0,206,138,2,0.0,1042,43
365,1,200,365,201.0,164.0,0.5506849315068493,132,132,128,8,350,308,0.8438356164383561,89,115,208,200,0.547945205479452,178,193,203,200,0.547945205479452,196,234,1,4,0,0,0,0,3,15,2,13,2,7,0,0,0,0,0,1.4136986301369863,8,174,114,45.31232876712329,117,45,1.0,0.5506849315068493,4.0,214,114,0,1.0,1043,44
365,1,188,365,190.0,175.0,0.5205479452054794,127,127,125,8,400,347,0.9506849315068493,50,64,200,190,0.5205479452054794,180,198,191,188,0.5150684931506849,208,246,0,0,0,0,0,0,3,15,2,18,2,8,1,3,0,0,1,1.273972602739726,9,185,85,53.30958904109589,167,41,0.0,0.5178082191780822,3.0,221,85,1,0.0,1044,45
365,1,189,365,190.0,175.0,0.5205479452054794,132,132,130,11,361,322,0.8821917808219178,75,97,200,195,0.5342465753424658,184,201,194,189,0.5178082191780822,196,235,0,0,0,0,1,5,2,14,3,20,2,12,0,0,3,7,4,1.263013698630137,9,176,157,48.45205479452055,157,43,1.0,0.5205479452054794,3.0,222,157,4,1.0,1045,46
365,1,203,365,205.0,160.0,0.5616438356164384,138,138,134,5,375,325,0.8904109589041096,66,85,210,200,0.547945205479452,175,191,203,203,0.5561643835616439,196,234,1,2,0,0,1,6,1,7,0,0,2,11,0,0,0,0,0,1.3178082191780822,10,165,170,53.865753424657534,170,45,0.0,0.5589041095890411,3.0,210,170,0,0.0,1046,47
365,1,204,365,206.0,159.0,0.5643835616438356,140,140,136,8,377,333,0.9123287671232877,71,91,215,211,0.5780821917808219,170,186,208,204,0.5589041095890411,198,225,3,7,0,0,1,5,0,0,1,4,1,5,0,0,2,4,6,1.4602739726027398,8,162,172,56.78904109589041,172,37,0.0,0.5616438356164384,3.0,220,172,6,0.0,1047,48
365,1,193,365,195.0,170.0,0.5342465753424658,135,135,133,16,345,313,0.8575342465753425,87,112,200,199,0.5452054794520548,180,197,199,193,0.5287671232876713,200,238,2,7,1,7,0,0,5,29,4,27,2,13,2,4,0,0,3,1.4821917808219178,10,160,146,50.13972602739726,146,44,0.0,0.5315068493150685,3.0,222,146,3,0.0,1048,49
365,1,204,365,205.0,160.0,0.5616438356164384,138,138,134,11,338,297,0.8136986301369863,91,117,215,207,0.5671232876712329,170,186,206,204,0.5589041095890411,188,224,2,10,0,0,0,0,4,21,0,0,3,15,0,0,2,6,1,1.4246575342465753,9,163,11,43.47945205479452,144,50,1.0,0.5616438356164384,3.0,209,11,1,1.0,1049,50
365,1,205,365,207.0,158.0,0.5671232876712329,149,149,146,12,345,312,0.8547945205479452,89,115,215,210,0.5753424657534246,166,181,210,205,0.5616438356164384,200,227,2,7,0,0,0,0,2,14,4,18,3,11,1,5,0,0,2,1.4109589041095891,8,156,160,48.87945205479452,160,43,0.0,0.5643835616438356,4.0,215,160,2,0.0,1050,51
365,1,206,365,208.0,157.0,0.5698630136986301,144,144,141,12,350,315,0.863013698630137,82,106,215,213,0.5835616438356165,163,177,212,206,0.5643835616438356,191,225,3,9,0,0,0,0,1,7,4,22,2,14,2,8,0,0,3,1.5041095890410958,8,146,145,47.605479452054794,145,42,0.0,0.5671232876712329,4.0,213,145,3,0.0,1051,52
365,1,203,365,205.0,160.0,0.5616438356164384,138,138,133,9,374,328,0.8986301369863013,68,87,215,209,0.5726027397260274,163,178,207,203,0.5561643835616439,196,230,1,5,0,0,0,0,1,4,2,13,2,10,3,7,0,0,0,1.4191780821917808,10,169,165,52.986301369863014,165,40,0.0,0.5589041095890411,3.0,216,165,0,0.0,1052,53
365,1,199,365,200.0,165.0,0.547945205479452,133,133,129,9,375,326,0.8931506849315068,62,80,210,200,0.547945205479452,171,186,203,199,0.5452054794520548,195,233,0,0,0,0,0,0,1,8,3,17,3,15,1,5,1,1,0,1.5452054794520549,11,168,172,59.41917808219178,172,42,1.0,0.547945205479452,3.0,214,172,0,1.0,1053,54
365,1,210,365,212.0,153.0,0.5808219178082191,144,144,142,9,365,326,0.8931506849315068,68,87,216,215,0.589041095890411,160,175,216,210,0.5753424657534246,186,221,0,0,0,0,0,0,2,14,1,5,3,17,3,9,0,0,0,1.5287671232876712,10,162,161,56.391780821917806,161,46,0.0,0.5780821917808219,3.0,207,161,0,0.0,1054,55
365,1,189,365,191.0,174.0,0.5232876712328767,126,126,124,7,353,320,0.8767123287671232,78,100,200,199,0.5452054794520548,186,201,196,189,0.5178082191780822,202,241,0,0,0,0,0,0,2,12,2,15,3,16,0,0,0,0,4,1.5041095890410958,9,171,167,53.38356164383562,167,40,0.0,0.5205479452054794,3.0,227,167,4,0.0,1055,56
365,1,199,365,201.0,164.0,0.5506849315068493,136,136,135,8,370,323,0.8849315068493151,66,85,200,200,0.547945205479452,173,192,203,199,0.5452054794520548,197,234,0,0,0,0,0,0,1,4,2,12,3,15,2,8,0,0,0,1.4,10,160,141,52.846575342465755,141,44,0.0,0.547945205479452,4.0,210,141,0,0.0,1056,57
365,1,212,365,213.0,152.0,0.5835616438356165,147,147,145,10,365,320,0.8767123287671232,60,77,217,215,0.589041095890411,163,177,217,212,0.5808219178082191,181,220,0,0,0,0,0,0,3,22,0,0,5,25,2,6,0,0,0,1.4958904109589042,9,141,102,34.397260273972606,103,39,1.0,0.5835616438356165,4.0,211,102,0,1.0,1057,58
365,1,203,365,205.0,160.0,0.5616438356164384,137,137,134,13,319,287,0.7863013698630137,107,138,215,210,0.5753424657534246,168,186,208,203,0.5561643835616439,187,225,1,4,1,3,0,0,4,25,2,12,3,13,0,0,2,4,5,1.5917808219178082,13,168,125,43.71780821917808,125,41,0.0,0.5589041095890411,3.0,216,125,5,0.0,1058,59
365,1,211,365,212.0,153.0,0.5808219178082191,142,142,139,6,375,325,0.8904109589041096,66,85,215,215,0.589041095890411,166,182,215,211,0.5780821917808219,188,220,0,0,0,0,0,0,0,0,1,10,2,11,2,4,1,2,2,1.4328767123287671,12,155,161,52.23013698630137,161,42,1.0,0.5808219178082191,4.0,202,161,2,1.0,1059,60
365,1,215,365,216.0,149.0,0.5917808219178082,144,144,140,10,353,318,0.8712328767123287,77,99,228,215,0.589041095890411,147,163,218,215,0.589041095890411,186,217,0,0,0,0,0,0,2,12,0,0,4,17,3,9,1,2,0,1.4136986301369863,7,159,150,47.81369863013698,150,41,1.0,0.5917808219178082,4.0,207,150,0,1.0,1060,61
365,1,194,365,196.0,169.0,0.536986301369863,135,135,133,6,372,327,0.8958904109589041,75,97,200,200,0.547945205479452,184,201,200,194,0.5315068493150685,189,230,1,3,0,0,0,0,1,5,1,4,1,4,0,0,2,6,0,1.5095890410958903,10,153,109,50.75890410958904,142,41,0.0,0.5342465753424658,3.0,220,109,0,0.0,1061,62
365,1,189,365,190.0,175.0,0.5205479452054794,133,133,131,12,345,315,0.863013698630137,81,104,200,192,0.5260273972602739,175,191,192,189,0.5178082191780822,208,245,0,0,0,0,1,4,3,20,2,19,4,19,2,9,0,0,2,1.3013698630136987,9,183,118,45.49315068493151,118,44,1.0,0.5205479452054794,3.0,223,118,2,1.0,1062,63
365,1,211,365,212.0,153.0,0.5808219178082191,141,141,139,4,364,322,0.8821917808219178,73,94,222,215,0.589041095890411,165,179,218,211,0.5780821917808219,181,217,0,0,0,0,0,0,0,0,0,0,3,12,0,0,1,2,0,1.5917808219178082,8,157,162,55.84931506849315,162,41,1.0,0.5808219178082191,3.0,212,162,0,1.0,1063,64
365,1,203,365,205.0,160.0,0.5616438356164384,141,141,136,13,345,307,0.8410958904109589,94,121,215,202,0.5534246575342465,168,182,204,203,0.5561643835616439,197,233,1,3,0,0,1,6,7,39,2,15,1,6,1,4,0,0,0,1.347945205479452,9,160,16,43.87671232876713,152,42,0.0,0.5589041095890411,3.0,207,16,0,0.0,1064,65
365,1,206,365,206.0,159.0,0.5643835616438356,140,140,137,9,359,331,0.9068493150684932,69,89,215,211,0.5780821917808219,164,181,211,206,0.5643835616438356,191,223,1,4,0,0,0,0,2,11,1,4,3,20,1,5,1,3,2,1.715068493150685,12,145,88,39.9972602739726,124,42,2.0,0.5671232876712329,4.0,218,88,2,2.0,1065,66
365,1,198,365,198.0,167.0,0.5424657534246575,138,138,136,7,392,348,0.9534246575342465,38,48,201,200,0.547945205479452,183,200,203,198,0.5424657534246575,194,234,1,5,0,0,0,0,0,0,2,12,4,26,0,0,0,0,0,1.3178082191780822,10,164,154,53.320547945205476,154,40,2.0,0.5452054794520548,3.0,219,154,0,2.0,1066,67
365,1,212,365,214.0,151.0,0.5863013698630137,143,143,141,8,348,298,0.8164383561643835,80,103,215,215,0.589041095890411,167,179,218,212,0.5808219178082191,190,219,0,0,0,0,0,0,2,15,0,0,4,18,2,6,0,0,0,1.4684931506849315,9,155,134,47.40547945205479,134,37,0.0,0.5835616438356165,4.0,206,134,0,0.0,1067,68
365,1,192,365,194.0,171.0,0.5315068493150685,132,132,130,4,375,339,0.9287671232876712,73,94,200,197,0.5397260273972603,184,201,198,192,0.5260273972602739,197,239,0,0,0,0,0,0,1,6,2,13,1,4,0,0,0,0,2,1.4136986301369863,11,175,75,48.084931506849315,163,42,0.0,0.5287671232876713,3.0,225,75,2,0.0,1068,69
365,1,220,365,221.0,144.0,0.6054794520547945,151,151,148,16,358,312,0.8547945205479452,56,72,230,225,0.6164383561643836,151,166,223,220,0.6027397260273972,180,208,1,2,0,0,0,0,4,26,1,8,6,34,1,5,3,5,2,1.5506849315068494,9,149,104,37.676712328767124,104,41,1.0,0.6054794520547945,3.0,202,104,2,1.0,1069,70
365,1,194,365,195.0,170.0,0.5342465753424658,124,124,122,13,372,326,0.8931506849315068,47,60,200,200,0.547945205479452,181,197,199,194,0.5315068493150685,199,237,1,4,0,0,1,4,1,6,1,8,6,32,2,4,1,1,2,1.536986301369863,11,172,155,53.52602739726027,155,40,1.0,0.5342465753424658,4.0,218,155,2,1.0,1070,71
365,1,194,365,195.0,170.0,0.5342465753424658,125,125,122,11,368,319,0.873972602739726,60,77,203,199,0.5452054794520548,174,191,200,194,0.5315068493150685,192,234,0,0,0,0,0,0,0,0,2,15,5,22,2,6,2,3,0,1.473972602739726,8,180,156,50.54794520547945,156,35,1.0,0.5342465753424658,4.0,219,156,0,1.0,1071,72
365,1,206,365,208.0,157.0,0.5698630136986301,142,142,139,12,348,306,0.8383561643835616,80,103,215,210,0.5753424657534246,158,175,211,206,0.5643835616438356,189,223,0,0,0,0,2,8,1,8,2,10,4,18,2,10,1,3,2,1.5808219178082192,9,164,13,47.345205479452055,145,40,0.0,0.5671232876712329,4.0,213,13,2,0.0,1072,73
365,1,205,365,206.0,159.0,0.5643835616438356,139,139,135,14,348,315,0.863013698630137,71,91,215,210,0.5753424657534246,159,176,210,205,0.5616438356164384,189,226,0,0,0,0,0,0,2,11,3,14,5,27,3,9,1,1,2,1.5068493150684932,9,159,145,51.30684931506849,145,46,1.0,0.5643835616438356,3.0,204,145,2,1.0,1073,74
365,1,218,365,220.0,145.0,0.6027397260273972,139,139,135,8,386,341,0.9342465753424658,52,67,228,216,0.5917808219178082,154,170,218,218,0.5972602739726027,187,218,1,4,0,0,0,0,0,0,2,12,3,16,1,3,1,1,1,1.5424657534246575,9,158,44,46.8054794520548,154,35,0.0,0.6,4.0,200,44,1,0.0,1074,75
365,1,204,365,205.0,160.0,0.5616438356164384,138,138,133,11,378,341,0.9342465753424658,57,73,215,206,0.5643835616438356,157,172,207,204,0.5589041095890411,194,227,0,0,0,0,0,0,0,0,2,17,4,18,3,13,2,3,1,1.5506849315068494,12,158,132,49.51780821917808,132,42,1.0,0.5616438356164384,5.0,206,132,1,1.0,1075,76
365,1,205,365,206.0,159.0,0.5643835616438356,140,140,137,5,405,368,1.0082191780821919,44,56,215,210,0.5753424657534246,170,186,210,205,0.5616438356164384,193,225,0,0,0,0,0,0,1,5,0,0,3,10,0,0,1,2,1,1.5452054794520549,9,158,140,54.632876712328766,141,38,1.0,0.5643835616438356,4.0,206,140,1,1.0,1076,77
365,1,203,365,205.0,160.0,0.5616438356164384,141,141,136,12,344,291,0.7972602739726027,94,121,215,205,0.5616438356164384,166,181,206,203,0.5561643835616439,184,224,1,4,0,0,0,0,4,30,2,13,2,7,1,5,2,6,2,1.3835616438356164,9,163,134,46.43287671232877,134,38,0.0,0.5589041095890411,4.0,220,134,2,0.0,1077,78
365,1,195,365,197.0,168.0,0.5397260273972603,135,135,133,8,357,320,0.8767123287671232,86,111,200,200,0.547945205479452,179,196,200,195,0.5342465753424658,195,234,0,0,1,4,1,4,3,21,0,0,1,5,1,5,1,3,0,1.3013698630136987,9,157,106,43.40547945205479,126,37,0.0,0.536986301369863,4.0,223,106,0,0.0,1078,79
365,1,203,365,205.0,160.0,0.5616438356164384,132,132,128,7,364,317,0.8684931506849315,59,76,208,200,0.547945205479452,176,193,203,203,0.5561643835616439,196,231,0,0,0,0,0,0,1,4,0,0,5,26,0,0,1,3,0,1.5616438356164384,12,171,139,48.06301369863014,139,42,0.0,0.5589041095890411,3.0,211,139,0,0.0,1079,80
365,1,209,365,211.0,154.0,0.5780821917808219,139,139,137,6,368,317,0.8684931506849315,79,102,215,214,0.5863013698630137,170,186,215,209,0.5726027397260274,187,219,0,0,0,0,0,0,2,11,1,10,1,3,0,0,2,3,0,1.4054794520547946,9,161,153,48.67123287671233,153,44,0.0,0.5753424657534246,4.0,205,153,0,0.0,1080,81
365,1,188,365,190.0,175.0,0.5205479452054794,128,128,127,13,345,304,0.8328767123287671,84,108,200,194,0.5315068493150685,177,192,193,188,0.5150684931506849,207,241,1,3,0,0,0,0,3,17,2,14,3,16,3,8,1,3,4,1.3753424657534246,8,178,96,43.8986301369863,126,38,0.0,0.5178082191780822,3.0,226,96,4,0.0,1081,82
365,1,201,365,202.0,163.0,0.5534246575342465,132,132,129,10,365,320,0.8767123287671232,67,86,203,200,0.547945205479452,172,190,203,201,0.5506849315068493,195,234,0,0,2,8,0,0,1,5,1,9,4,18,2,7,0,0,0,1.4301369863013698,9,165,136,48.178082191780824,136,39,1.0,0.5534246575342465,3.0,209,136,0,1.0,1082,83
365,1,203,365,205.0,160.0,0.5616438356164384,137,137,133,1,382,340,0.9315068493150684,65,83,212,200,0.547945205479452,173,189,203,203,0.5561643835616439,197,234,0,0,0,0,0,0,0,0,0,0,1,7,0,0,0,0,0,1.3452054794520547,10,174,134,48.446575342465756,134,38,0.0,0.5589041095890411,3.0,212,134,0,0.0,1083,84
365,1,211,365,212.0,153.0,0.5808219178082191,139,139,138,9,345,311,0.852054794520548,94,121,215,215,0.589041095890411,171,186,217,211,0.5780821917808219,188,214,2,9,1,5,0,0,2,16,1,6,1,6,0,0,2,5,1,1.4712328767123288,9,166,27,41.92054794520548,141,44,1.0,0.5808219178082191,4.0,212,27,1,1.0,1084,85
365,1,203,365,205.0,160.0,0.5616438356164384,135,135,132,17,353,321,0.8794520547945206,78,100,213,200,0.547945205479452,157,176,203,203,0.5561643835616439,188,226,1,3,0,0,0,0,4,26,3,19,3,16,3,11,3,7,0,1.3150684931506849,9,174,104,42.367123287671234,120,40,0.0,0.5589041095890411,4.0,213,104,0,0.0,1085,86
365,1,203,365,205.0,160.0,0.5616438356164384,149,149,144,14,358,324,0.8876712328767123,76,98,215,204,0.5589041095890411,164,181,206,203,0.5561643835616439,198,229,2,6,1,3,0,0,4,25,1,10,4,14,1,5,1,2,0,1.284931506849315,9,165,94,47.010958904109586,136,40,0.0,0.5589041095890411,4.0,216,94,0,0.0,1086,87
365,1,211,365,212.0,153.0,0.5808219178082191,147,147,145,6,371,324,0.8876712328767123,61,78,219,215,0.589041095890411,165,178,217,211,0.5780821917808219,190,220,0,0,0,0,0,0,1,4,0,0,3,19,2,4,0,0,0,1.4821917808219178,10,158,24,46.86027397260274,158,40,1.0,0.5808219178082191,3.0,207,24,0,1.0,1087,88
365,1,198,365,200.0,165.0,0.547945205479452,134,134,130,9,342,293,0.8027397260273973,80,103,207,200,0.547945205479452,176,194,203,198,0.5424657534246575,196,234,0,0,0,0,0,0,3,21,2,13,4,22,0,0,0,0,0,1.558904109589041,11,164,129,44.912328767123284,129,43,0.0,0.5452054794520548,4.0,215,129,0,0.0,1088,89
365,1,202,365,203.0,162.0,0.5561643835616439,133,133,128,10,380,327,0.8958904109589041,46,59,215,203,0.5561643835616439,168,184,204,202,0.5534246575342465,188,227,1,2,0,0,0,0,0,0,0,0,6,27,1,2,2,5,0,1.5315068493150685,9,172,89,41.67123287671233,133,40,1.0,0.5561643835616439,3.0,211,89,0,1.0,1089,90
365,1,201,365,201.0,164.0,0.5506849315068493,139,139,135,12,345,311,0.852054794520548,82,106,209,200,0.547945205479452,162,178,203,201,0.5506849315068493,195,233,1,3,0,0,1,5,2,14,0,0,4,18,3,13,1,1,0,1.4027397260273973,7,150,120,42.9013698630137,120,43,2.0,0.5534246575342465,4.0,217,120,0,2.0,1090,91
365,1,202,365,203.0,162.0,0.5561643835616439,135,135,131,9,341,313,0.8575342465753425,87,112,211,200,0.547945205479452,165,180,203,202,0.5534246575342465,194,232,0,0,0,0,1,4,2,15,0,0,3,16,2,9,1,2,0,1.4082191780821918,10,162,80,41.657534246575345,133,43,1.0,0.5561643835616439,3.0,217,80,0,1.0,1091,92
365,1,196,365,197.0,168.0,0.5397260273972603,130,130,127,7,371,323,0.8849315068493151,67,86,205,200,0.547945205479452,179,196,201,196,0.536986301369863,196,236,0,0,0,0,0,0,1,5,3,25,3,13,0,0,0,0,0,1.536986301369863,11,172,117,49.62191780821918,126,39,1.0,0.5397260273972603,3.0,217,117,0,1.0,1092,93
365,1,203,365,205.0,160.0,0.5616438356164384,136,136,133,6,350,316,0.8657534246575342,82,106,214,200,0.547945205479452,171,187,203,203,0.5561643835616439,199,233,0,0,0,0,0,0,1,7,1,9,3,14,0,0,1,1,0,1.3917808219178083,8,171,144,51.87397260273973,144,41,0.0,0.5589041095890411,3.0,213,144,0,0.0,1093,94
365,1,203,365,205.0,160.0,0.5616438356164384,135,135,130,9,362,317,0.8684931506849315,70,90,215,203,0.5561643835616439,167,182,203,203,0.5561643835616439,199,232,0,0,0,0,1,6,1,7,1,8,4,17,1,4,1,2,2,1.4438356164383561,7,173,156,49.6,156,45,0.0,0.5589041095890411,4.0,211,156,2,0.0,1094,95
365,1,188,365,190.0,175.0,0.5205479452054794,126,126,124,7,379,344,0.9424657534246575,74,95,195,185,0.5068493150684932,181,202,188,188,0.5150684931506849,212,248,0,0,0,0,0,0,1,4,4,34,0,0,1,4,1,1,0,1.4054794520547946,10,184,68,56.706849315068496,182,49,0.0,0.5178082191780822,4.0,228,68,0,0.0,1095,96
365,1,196,365,198.0,167.0,0.5424657534246575,134,134,132,14,345,314,0.8602739726027397,53,68,200,200,0.547945205479452,179,196,203,196,0.536986301369863,198,234,0,0,0,0,0,0,3,17,2,17,8,47,1,5,0,0,0,1.284931506849315,8,172,90,45.558904109589044,143,40,0.0,0.5397260273972603,3.0,220,90,0,0.0,1096,97
365,1,203,365,205.0,160.0,0.5616438356164384,144,144,139,7,398,349,0.9561643835616438,47,60,215,202,0.5534246575342465,168,183,204,203,0.5561643835616439,198,233,0,0,1,4,0,0,1,6,2,13,2,12,1,3,0,0,0,1.3972602739726028,10,162,172,61.273972602739725,172,40,0.0,0.5589041095890411,4.0,217,172,0,0.0,1097,98
365,1,203,365,205.0,160.0,0.5616438356164384,140,140,135,7,351,315,0.863013698630137,92,119,215,204,0.5589041095890411,174,186,205,203,0.5561643835616439,188,225,2,6,0,0,0,0,0,0,0,0,1,3,0,0,4,6,1,1.4054794520547946,13,165,150,51.12602739726027,150,44,0.0,0.5589041095890411,3.0,207,150,1,0.0,1098,99
365,1,206,365,208.0,157.0,0.5698630136986301,139,139,136,9,400,345,0.9452054794520548,54,69,215,213,0.5835616438356165,158,175,213,206,0.5643835616438356,189,222,2,6,0,0,1,3,2,8,0,0,1,4,2,10,1,2,3,1.6082191780821917,10,166,167,55.81917808219178,167,40,0.0,0.5671232876712329,3.0,215,167,3,0.0,1099,100
365,1,196,365,197.0,168.0,0.5397260273972603,128,128,126,6,371,322,0.8821917808219178,73,94,200,200,0.547945205479452,181,199,201,196,0.536986301369863,197,236,1,5,1,5,0,0,1,7,1,4,1,7,1,2,0,0,1,1.4438356164383561,8,165,128,48.5013698630137,128,41,1.0,0.5397260273972603,3.0,220,128,1,1.0,1100,101
365,1,193,365,194.0,171.0,0.5315068493150685,136,136,135,6,375,334,0.915068493150685,61,78,200,197,0.5397260273972603,177,196,197,193,0.5287671232876713,203,240,0,0,0,0,0,0,0,0,2,10,3,16,1,5,0,0,3,1.4438356164383561,8,156,143,48.298630136986304,143,41,1.0,0.5315068493150685,3.0,221,143,3,1.0,1101,102
365,1,209,365,211.0,154.0,0.5780821917808219,141,141,139,7,367,322,0.8821917808219178,71,91,215,213,0.5835616438356165,170,184,214,209,0.5726027397260274,187,223,0,0,1,3,0,0,1,4,2,14,2,12,1,2,0,0,2,1.5616438356164384,10,158,163,54.75068493150685,163,41,0.0,0.5753424657534246,3.0,205,163,2,0.0,1102,103
365,1,218,365,220.0,145.0,0.6027397260273972,145,145,141,9,363,317,0.8684931506849315,57,73,226,215,0.589041095890411,160,175,218,218,0.5972602739726027,187,219,3,7,0,0,0,0,1,8,0,0,5,29,0,0,0,0,0,1.5671232876712329,10,156,68,35.43561643835616,131,39,0.0,0.6,4.0,204,68,0,0.0,1103,104
365,1,203,365,205.0,160.0,0.5616438356164384,144,144,139,9,372,323,0.8849315068493151,49,63,215,207,0.5671232876712329,162,176,205,203,0.5561643835616439,200,232,0,0,0,0,0,0,1,6,0,0,5,30,3,9,0,0,4,1.3041095890410959,8,157,126,47.54520547945206,126,42,0.0,0.5589041095890411,4.0,216,126,4,0.0,1104,105
365,1,202,365,203.0,162.0,0.5561643835616439,140,140,137,11,375,328,0.8986301369863013,68,87,203,200,0.547945205479452,171,186,203,202,0.5534246575342465,197,231,0,0,1,6,1,3,1,7,2,14,2,9,3,11,1,3,0,1.3506849315068492,7,161,166,52.945205479452056,166,37,1.0,0.5561643835616439,3.0,219,166,0,1.0,1105,106
365,1,203,365,205.0,160.0,0.5616438356164384,138,138,134,4,363,322,0.8821917808219178,83,107,215,208,0.5698630136986301,170,186,206,203,0.5561643835616439,187,228,0,0,0,0,0,0,0,0,2,16,1,3,0,0,1,3,2,1.4493150684931506,9,160,156,53.10958904109589,156,41,0.0,0.5589041095890411,4.0,219,156,2,0.0,1106,107
365,1,203,365,205.0,160.0,0.5616438356164384,140,140,135,6,375,337,0.9232876712328767,66,85,215,206,0.5643835616438356,170,186,205,203,0.5561643835616439,200,232,0,0,0,0,0,0,1,6,2,12,3,11,0,0,0,0,3,1.4575342465753425,10,162,141,51.11232876712329,141,43,0.0,0.5589041095890411,4.0,212,141,3,0.0,1107,108
365,1,201,365,203.0,162.0,0.5561643835616439,136,136,133,7,345,300,0.821917808219178,100,129,207,200,0.547945205479452,174,190,203,201,0.5506849315068493,201,234,0,0,0,0,0,0,4,28,1,10,0,0,2,4,0,0,0,1.336986301369863,9,172,114,43.50410958904109,114,42,0.0,0.5534246575342465,4.0,214,114,0,0.0,1108,109
365,1,218,365,220.0,145.0,0.6027397260273972,146,146,143,9,367,320,0.8767123287671232,63,81,225,215,0.589041095890411,158,174,218,218,0.5972602739726027,185,217,1,4,0,0,0,0,1,4,1,5,4,20,1,2,1,2,0,1.5013698630136987,9,159,33,45.45205479452055,144,46,0.0,0.6,3.0,204,33,0,0.0,1109,110
365,1,203,365,205.0,160.0,0.5616438356164384,131,131,127,11,372,325,0.8904109589041096,59,76,213,200,0.547945205479452,169,183,203,203,0.5561643835616439,190,231,0,0,0,0,0,0,3,19,1,6,4,20,2,5,1,3,0,1.4328767123287671,9,175,162,54.14520547945205,162,40,0.0,0.5589041095890411,3.0,219,162,0,0.0,1110,111
365,1,208,365,210.0,155.0,0.5753424657534246,150,150,147,7,386,349,0.9561643835616438,48,61,215,214,0.5863013698630137,164,181,213,208,0.5698630136986301,190,224,0,0,1,5,0,0,1,5,0,0,4,21,1,5,0,0,3,1.2547945205479452,6,151,120,47.02739726027397,130,37,0.0,0.5726027397260274,3.0,202,120,3,0.0,1111,112
365,1,189,365,191.0,174.0,0.5232876712328767,135,135,133,9,379,341,0.9342465753424658,63,81,200,198,0.5424657534246575,185,199,196,189,0.5178082191780822,206,241,1,3,0,0,0,0,2,12,3,17,2,11,1,2,0,0,4,1.3863013698630138,10,173,155,53.9013698630137,155,36,0.0,0.5205479452054794,3.0,225,155,4,0.0,1112,113
365,1,205,365,206.0,159.0,0.5643835616438356,149,149,146,6,342,293,0.8027397260273973,102,132,217,213,0.5835616438356165,164,181,211,205,0.5616438356164384,191,226,1,3,0,0,0,0,4,22,0,0,0,0,1,3,0,0,2,1.3917808219178083,8,147,12,40.131506849315066,140,42,1.0,0.5643835616438356,4.0,211,12,2,1.0,1113,114
365,1,201,365,202.0,163.0,0.5534246575342465,132,132,128,10,315,284,0.7780821917808219,111,143,212,200,0.547945205479452,163,179,203,201,0.5506849315068493,192,234,0,0,0,0,0,0,5,31,1,9,2,12,2,9,0,0,0,1.5342465753424657,10,170,136,43.45205479452055,136,42,1.0,0.5534246575342465,4.0,210,136,0,1.0,1114,115
365,1,188,365,190.0,175.0,0.5205479452054794,116,116,113,8,372,332,0.9095890410958904,67,86,198,185,0.5068493150684932,182,201,188,188,0.5150684931506849,214,249,0,0,0,0,1,6,2,11,2,14,2,12,1,2,0,0,0,1.4821917808219178,10,197,198,64.81917808219178,198,41,0.0,0.5178082191780822,3.0,231,198,0,0.0,1115,116
365,1,190,365,192.0,173.0,0.5260273972602739,134,134,132,8,334,298,0.8164383561643835,88,114,200,197,0.5397260273972603,183,201,196,190,0.5205479452054794,210,239,1,2,0,0,0,0,1,5,2,16,3,20,0,0,1,2,3,1.3013698630136987,8,175,107,39.93972602739726,107,35,0.0,0.5232876712328767,4.0,223,107,3,0.0,1116,117
365,1,197,365,198.0,167.0,0.5424657534246575,139,139,136,6,378,344,0.9424657534246575,65,83,204,200,0.547945205479452,174,190,203,197,0.5397260273972603,200,234,0,0,0,0,0,0,1,7,1,10,2,10,2,6,0,0,0,1.3013698630136987,9,183,132,50.53972602739726,132,45,1.0,0.5424657534246575,4.0,222,132,0,1.0,1117,118
365,1,188,365,190.0,175.0,0.5205479452054794,129,129,126,8,354,308,0.8438356164383561,90,116,200,190,0.5205479452054794,177,190,192,188,0.5150684931506849,204,245,0,0,0,0,1,3,3,17,1,9,1,3,2,10,0,0,0,1.3041095890410959,9,180,134,45.821917808219176,134,46,0.0,0.5178082191780822,3.0,224,134,0,0.0,1118,119
365,1,204,365,206.0,159.0,0.5643835616438356,135,135,133,6,375,345,0.9452054794520548,72,93,215,210,0.5753424657534246,165,182,209,204,0.5589041095890411,184,219,0,0,1,7,0,0,0,0,0,0,1,5,1,4,3,8,2,1.6383561643835616,11,162,180,57.07945205479452,180,38,0.0,0.5616438356164384,4.0,216,180,2,0.0,1119,120
365,1,196,365,198.0,167.0,0.5424657534246575,133,133,131,8,345,311,0.852054794520548,83,107,200,200,0.547945205479452,178,197,200,196,0.536986301369863,203,237,0,0,0,0,0,0,2,8,1,5,4,17,1,4,0,0,0,1.326027397260274,8,177,85,45.536986301369865,132,42,0.0,0.5397260273972603,3.0,214,85,0,0.0,1120,121
365,1,202,365,203.0,162.0,0.5561643835616439,136,136,133,8,358,315,0.863013698630137,71,91,204,200,0.547945205479452,170,186,203,202,0.5534246575342465,193,233,0,0,1,3,0,0,1,1,0,0,3,19,2,10,1,1,0,1.3534246575342466,10,178,127,47.93150684931507,127,37,1.0,0.5561643835616439,4.0,210,127,0,1.0,1121,122
365,1,203,365,205.0,160.0,0.5616438356164384,133,133,129,6,354,307,0.8410958904109589,83,107,209,200,0.547945205479452,171,189,203,203,0.5561643835616439,191,231,0,0,0,0,0,0,2,8,0,0,2,10,1,3,1,3,0,1.4273972602739726,8,162,148,47.084931506849315,148,40,0.0,0.5589041095890411,3.0,221,148,0,0.0,1122,123
365,1,193,365,195.0,170.0,0.5342465753424658,135,135,133,9,390,343,0.9397260273972603,48,61,200,200,0.547945205479452,183,198,198,193,0.5287671232876713,197,239,1,2,1,4,0,0,0,0,3,23,3,18,1,3,0,0,5,1.3041095890410959,9,181,117,52.364383561643834,146,44,0.0,0.5315068493150685,3.0,214,117,5,0.0,1123,124
365,1,209,365,210.0,155.0,0.5753424657534246,138,138,136,10,345,311,0.852054794520548,71,91,215,214,0.5863013698630137,165,182,214,209,0.5726027397260274,190,223,0,0,0,0,0,0,3,17,1,8,5,29,1,4,0,0,1,1.4767123287671233,9,162,77,37.92602739726028,125,46,1.0,0.5753424657534246,4.0,208,77,1,1.0,1124,125
365,1,194,365,196.0,169.0,0.536986301369863,123,123,121,8,339,295,0.8082191780821918,98,127,200,200,0.547945205479452,180,198,201,194,0.5315068493150685,200,236,0,0,0,0,0,0,3,17,3,20,1,6,1,3,0,0,1,1.5643835616438355,10,172,151,47.9013698630137,151,36,0.0,0.5342465753424658,3.0,217,151,1,0.0,1125,126
365,1,211,365,211.0,154.0,0.5780821917808219,146,146,144,11,354,316,0.8657534246575342,72,93,215,215,0.589041095890411,164,178,216,211,0.5780821917808219,186,219,1,2,0,0,0,0,2,14,1,9,4,21,2,7,1,2,0,1.4246575342465753,9,154,134,51.74520547945205,134,46,2.0,0.5808219178082191,3.0,208,134,0,2.0,1126,127
365,1,197,365,199.0,166.0,0.5452054794520548,128,128,126,9,358,315,0.863013698630137,72,93,201,200,0.547945205479452,181,200,203,197,0.5397260273972603,194,232,0,0,0,0,0,0,2,12,1,8,4,18,0,0,2,2,0,1.6712328767123288,11,162,59,44.652054794520545,137,38,0.0,0.5424657534246575,3.0,223,59,0,0.0,1127,128
365,1,201,365,203.0,162.0,0.5561643835616439,127,127,124,6,371,332,0.9095890410958904,74,95,215,201,0.5506849315068493,162,177,203,201,0.5506849315068493,197,234,1,5,0,0,0,0,1,6,0,0,2,6,2,8,0,0,1,1.5232876712328767,9,166,137,51.50410958904109,137,41,0.0,0.5534246575342465,3.0,218,137,1,0.0,1128,129
365,1,198,365,199.0,166.0,0.5452054794520548,131,131,127,12,359,315,0.863013698630137,69,89,210,200,0.547945205479452,172,189,203,198,0.5424657534246575,192,224,1,3,0,0,1,5,1,4,1,5,4,20,1,2,3,9,0,1.5506849315068494,11,164,2,55.38356164383562,173,40,1.0,0.5452054794520548,4.0,221,2,0,1.0,1129,130
365,1,218,365,220.0,145.0,0.6027397260273972,143,143,140,10,373,318,0.8712328767123287,61,78,230,222,0.6082191780821918,158,171,221,218,0.5972602739726027,178,214,3,6,0,0,0,0,2,12,0,0,4,18,0,0,1,2,4,1.547945205479452,10,154,74,36.032876712328765,119,40,0.0,0.6,3.0,208,74,4,0.0,1130,131
365,1,203,365,205.0,160.0,0.5616438356164384,136,136,133,8,373,320,0.8767123287671232,66,85,215,202,0.5534246575342465,168,181,203,203,0.5561643835616439,195,231,0,0,0,0,0,0,1,7,3,18,2,12,1,5,1,3,1,1.5506849315068494,11,159,164,53.76164383561644,164,40,0.0,0.5589041095890411,4.0,207,164,1,0.0,1131,132
365,1,206,365,208.0,157.0,0.5698630136986301,150,150,147,8,375,327,0.8958904109589041,70,90,215,214,0.5863013698630137,156,168,211,206,0.5643835616438356,195,226,0,0,0,0,2,8,1,5,0,0,1,7,4,16,0,0,3,1.326027397260274,7,163,11,49.78630136986301,167,39,0.0,0.5671232876712329,4.0,201,11,3,0.0,1132,133
365,1,208,365,209.0,156.0,0.5726027397260274,138,138,136,13,358,313,0.8575342465753425,52,67,215,214,0.5863013698630137,169,186,214,208,0.5698630136986301,188,223,0,0,1,5,0,0,4,26,1,7,7,38,0,0,0,0,2,1.5643835616438355,10,160,161,51.961643835616435,161,38,1.0,0.5726027397260274,3.0,211,161,2,1.0,1133,134
365,1,188,365,190.0,175.0,0.5205479452054794,125,125,123,9,375,326,0.8931506849315068,67,86,200,195,0.5342465753424658,185,201,193,188,0.5150684931506849,205,243,0,0,0,0,0,0,3,14,2,10,3,10,0,0,1,1,3,1.4904109589041097,9,177,115,50.5972602739726,133,45,0.0,0.5178082191780822,3.0,223,115,3,0.0,1134,135
365,1,203,365,205.0,160.0,0.5616438356164384,144,144,140,9,362,322,0.8821917808219178,63,81,215,208,0.5698630136986301,168,186,208,203,0.5561643835616439,199,227,1,2,0,0,0,0,1,7,1,8,4,24,0,0,2,2,2,1.473972602739726,12,170,27,48.52602739726027,160,44,0.0,0.5589041095890411,3.0,221,27,2,0.0,1135,136
365,1,203,365,205.0,160.0,0.5616438356164384,137,137,133,8,354,317,0.8684931506849315,83,107,209,200,0.547945205479452,166,182,203,203,0.5561643835616439,197,233,0,0,0,0,0,0,2,12,0,0,2,10,3,9,1,1,0,1.4164383561643836,9,170,131,47.43287671232877,131,44,0.0,0.5589041095890411,4.0,210,131,0,0.0,1136,137
365,1,189,365,191.0,174.0,0.5232876712328767,134,134,132,9,354,316,0.8657534246575342,64,82,200,193,0.5287671232876713,178,197,192,189,0.5178082191780822,207,245,0,0,0,0,0,0,1,7,2,11,5,29,1,4,0,0,1,1.2986301369863014,9,177,59,44.273972602739725,150,40,0.0,0.5205479452054794,3.0,218,59,1,0.0,1137,138
365,1,201,365,202.0,163.0,0.5534246575342465,134,134,131,8,365,318,0.8712328767123287,70,90,215,200,0.547945205479452,169,183,203,201,0.5506849315068493,196,234,1,5,0,0,0,0,1,6,2,13,3,15,1,3,0,0,0,1.4082191780821918,8,167,156,48.0,156,41,1.0,0.5534246575342465,3.0,212,156,0,1.0,1138,139
365,1,188,365,189.0,176.0,0.5178082191780822,122,122,120,13,360,320,0.8767123287671232,76,98,189,185,0.5068493150684932,194,212,188,188,0.5150684931506849,207,245,2,8,0,0,0,0,2,14,4,32,3,12,0,0,2,4,0,1.2246575342465753,10,190,96,46.16438356164384,137,41,1.0,0.5178082191780822,3.0,224,96,0,1.0,1139,140
365,1,188,365,190.0,175.0,0.5205479452054794,135,135,133,10,381,343,0.9397260273972603,55,71,200,192,0.5260273972602739,180,199,191,188,0.5150684931506849,211,246,0,0,0,0,3,11,0,0,3,18,3,17,1,2,0,0,2,1.16986301369863,7,177,114,47.55068493150685,145,39,0.0,0.5178082191780822,3.0,221,114,2,0.0,1140,141
365,1,203,365,205.0,160.0,0.5616438356164384,129,129,124,6,375,328,0.8986301369863013,59,76,215,202,0.5534246575342465,170,186,204,203,0.5561643835616439,192,233,0,0,0,0,0,0,1,5,1,5,4,18,0,0,0,0,1,1.5205479452054795,10,174,146,52.54246575342466,146,41,0.0,0.5589041095890411,4.0,214,146,1,0.0,1141,142
365,1,205,365,207.0,158.0,0.5671232876712329,133,133,129,11,332,284,0.7780821917808219,99,128,215,210,0.5753424657534246,168,186,209,205,0.5616438356164384,191,227,2,8,0,0,0,0,5,32,1,8,2,11,0,0,1,1,3,1.4876712328767123,9,173,125,44.52054794520548,125,47,0.0,0.5643835616438356,4.0,218,125,3,0.0,1142,143
365,1,188,365,190.0,175.0,0.5205479452054794,126,126,123,9,352,311,0.852054794520548,82,106,200,188,0.5150684931506849,181,198,188,188,0.5150684931506849,212,249,2,5,0,0,0,0,1,6,2,15,3,12,1,3,0,0,1,1.3534246575342466,10,179,110,45.679452054794524,121,40,0.0,0.5178082191780822,3.0,221,110,1,0.0,1143,144
365,1,206,365,208.0,157.0,0.5698630136986301,139,139,138,7,358,317,0.8684931506849315,84,108,215,213,0.5835616438356165,170,186,211,206,0.5643835616438356,189,220,0,0,0,0,0,0,2,11,2,15,1,6,0,0,2,5,1,1.536986301369863,9,152,133,50.016438356164386,133,37,0.0,0.5671232876712329,4.0,213,133,1,0.0,1144,145
365,1,203,365,204.0,161.0,0.5589041095890411,128,128,125,9,362,316,0.8657534246575342,78,100,205,200,0.547945205479452,180,196,203,203,0.5561643835616439,193,231,1,4,1,4,1,6,2,13,1,4,2,9,0,0,1,3,0,1.4986301369863013,10,169,151,50.38356164383562,151,42,1.0,0.5589041095890411,3.0,212,151,0,1.0,1145,146
365,1,221,365,222.0,143.0,0.6082191780821918,144,144,141,7,338,289,0.7917808219178082,95,123,230,227,0.6219178082191781,156,171,225,221,0.6054794520547945,178,212,2,6,0,0,1,6,2,12,0,0,2,10,0,0,0,0,4,1.663013698630137,9,152,77,31.446575342465753,87,41,1.0,0.6082191780821918,4.0,203,77,4,1.0,1146,147
365,1,195,365,196.0,169.0,0.536986301369863,128,128,125,12,371,317,0.8684931506849315,57,73,206,200,0.547945205479452,172,190,200,195,0.5342465753424658,199,237,0,0,0,0,3,16,0,0,2,16,5,23,2,5,0,0,2,1.558904109589041,9,168,153,51.07397260273972,153,36,1.0,0.536986301369863,4.0,216,153,2,1.0,1147,148
365,1,195,365,197.0,168.0,0.5397260273972603,137,137,135,8,350,311,0.852054794520548,96,124,200,200,0.547945205479452,172,188,201,195,0.5342465753424658,200,236,0,0,0,0,0,0,3,17,2,17,0,0,3,12,0,0,1,1.2794520547945205,9,170,149,45.96986301369863,149,39,0.0,0.536986301369863,3.0,221,149,1,0.0,1148,149
365,1,204,365,205.0,160.0,0.5616438356164384,145,145,141,8,386,339,0.9287671232876712,44,56,215,208,0.5698630136986301,171,186,208,204,0.5589041095890411,194,229,0,0,0,0,0,0,0,0,2,14,6,25,0,0,0,0,0,1.3287671232876712,8,166,164,53.81095890410959,164,44,1.0,0.5616438356164384,4.0,213,164,0,1.0,1149,150
365,1,203,365,205.0,160.0,0.5616438356164384,138,138,134,5,375,341,0.9342465753424658,68,87,207,200,0.547945205479452,175,192,203,203,0.5561643835616439,198,234,0,0,0,0,0,0,0,0,2,10,2,9,1,2,0,0,0,1.3643835616438356,9,163,154,50.5972602739726,154,48,0.0,0.5589041095890411,4.0,211,154,0,0.0,1150,151
365,1,188,365,190.0,175.0,0.5205479452054794,128,128,125,8,351,314,0.8602739726027397,82,106,200,187,0.5123287671232877,183,201,189,188,0.5150684931506849,209,248,0,0,0,0,0,0,1,7,3,23,4,13,0,0,0,0,0,1.3095890410958904,8,186,122,45.21917808219178,122,43,0.0,0.5178082191780822,4.0,226,122,0,0.0,1151,152
365,1,203,365,205.0,160.0,0.5616438356164384,144,144,139,15,343,289,0.7917808219178082,84,108,215,205,0.5616438356164384,158,172,204,203,0.5561643835616439,193,232,1,2,0,0,1,5,6,32,0,0,3,18,3,13,1,1,4,1.2602739726027397,9,163,120,41.26575342465753,120,42,0.0,0.5589041095890411,3.0,210,120,4,0.0,1152,153
365,1,198,365,199.0,166.0,0.5452054794520548,131,131,129,12,372,316,0.8657534246575342,63,81,200,200,0.547945205479452,171,186,203,198,0.5424657534246575,188,230,0,0,0,0,1,3,2,13,1,8,3,16,3,14,2,4,0,1.4575342465753425,9,166,151,49.37808219178082,151,44,1.0,0.5452054794520548,4.0,220,151,0,1.0,1153,154
365,1,204,365,206.0,159.0,0.5643835616438356,144,144,141,8,375,341,0.9342465753424658,53,68,215,212,0.5808219178082191,169,186,211,204,0.5589041095890411,194,226,0,0,0,0,0,0,2,11,1,9,5,24,0,0,0,0,4,1.3835616438356164,8,158,80,47.41917808219178,146,37,0.0,0.5616438356164384,3.0,200,80,4,0.0,1154,155
365,1,203,365,205.0,160.0,0.5616438356164384,139,139,134,15,362,316,0.8657534246575342,72,93,215,203,0.5561643835616439,168,184,204,203,0.5561643835616439,200,233,4,13,2,12,1,6,3,17,1,8,3,15,1,2,0,0,2,1.4109589041095891,8,160,34,45.83561643835616,154,41,0.0,0.5589041095890411,4.0,221,34,2,0.0,1155,156
365,1,188,365,190.0,175.0,0.5205479452054794,124,124,122,17,345,306,0.8383561643835616,81,104,192,185,0.5068493150684932,191,209,188,188,0.5150684931506849,197,237,0,0,0,0,1,4,5,26,4,28,3,19,0,0,4,10,0,1.4602739726027398,10,179,110,43.846575342465755,116,46,0.0,0.5178082191780822,4.0,226,110,0,0.0,1156,157
365,1,203,365,205.0,160.0,0.5616438356164384,138,138,133,6,388,349,0.9561643835616438,62,80,215,206,0.5643835616438356,170,186,206,203,0.5561643835616439,198,230,1,3,0,0,0,0,0,0,2,15,2,5,0,0,1,1,2,1.4794520547945205,9,158,164,56.92054794520548,164,36,0.0,0.5589041095890411,3.0,207,164,2,0.0,1157,158
365,1,218,365,220.0,145.0,0.6027397260273972,143,143,140,2,365,325,0.8904109589041096,71,91,224,215,0.589041095890411,163,177,218,218,0.5972602739726027,187,219,0,0,0,0,0,0,0,0,0,0,2,14,0,0,0,0,0,1.652054794520548,10,157,99,35.99452054794521,108,52,0.0,0.6,3.0,200,99,0,0.0,1158,159
365,1,203,365,205.0,160.0,0.5616438356164384,132,132,129,11,343,290,0.7945205479452054,91,118,215,200,0.547945205479452,166,181,203,203,0.5561643835616439,196,232,1,2,0,0,0,0,5,31,1,4,2,10,1,5,1,2,0,1.4821917808219178,11,162,2,47.4986301369863,141,37,0.0,0.5589041095890411,3.0,215,2,0,0.0,1159,160
365,1,198,365,200.0,165.0,0.547945205479452,130,130,128,13,345,299,0.8191780821917808,66,85,202,200,0.547945205479452,182,199,203,198,0.5424657534246575,197,231,0,0,0,0,0,0,2,14,3,24,7,34,0,0,1,3,0,1.326027397260274,9,184,157,53.93972602739726,157,41,0.0,0.5452054794520548,3.0,221,157,0,0.0,1160,161
365,1,203,365,205.0,160.0,0.5616438356164384,141,141,136,10,391,343,0.9397260273972603,51,65,215,205,0.5616438356164384,160,175,205,203,0.5561643835616439,191,228,0,0,0,0,0,0,0,0,1,7,4,14,3,10,2,4,3,1.4794520547945205,10,147,131,49.16438356164384,131,42,0.0,0.5589041095890411,4.0,213,131,3,0.0,1161,162
365,1,188,365,190.0,175.0,0.5205479452054794,126,126,124,12,378,343,0.9397260273972603,44,56,195,185,0.5068493150684932,185,204,188,188,0.5150684931506849,212,249,1,2,1,3,0,0,1,6,2,13,6,31,1,2,0,0,0,1.2602739726027397,9,183,124,49.10958904109589,143,39,0.0,0.5178082191780822,4.0,221,124,0,0.0,1162,163
365,1,203,365,205.0,160.0,0.5616438356164384,142,142,139,7,370,321,0.8794520547945206,71,91,203,200,0.547945205479452,178,196,203,203,0.5561643835616439,204,234,1,2,2,13,0,0,0,0,0,0,3,10,1,2,0,0,0,1.326027397260274,6,162,84,42.61643835616438,140,40,0.0,0.5589041095890411,4.0,209,84,0,0.0,1163,164
365,1,189,365,190.0,175.0,0.5205479452054794,134,134,132,12,375,322,0.8821917808219178,44,56,200,194,0.5315068493150685,182,201,193,189,0.5178082191780822,208,241,0,0,0,0,1,5,1,8,2,14,7,33,0,0,1,3,2,1.2246575342465753,8,182,108,44.868493150684934,135,39,1.0,0.5205479452054794,3.0,219,108,2,1.0,1164,165
365,1,218,365,220.0,145.0,0.6027397260273972,149,149,145,5,376,340,0.9315068493150684,56,72,227,215,0.589041095890411,158,174,218,218,0.5972602739726027,186,219,0,0,0,0,0,0,0,0,1,5,4,20,0,0,0,0,0,1.5726027397260274,9,155,69,39.5972602739726,138,38,0.0,0.6,3.0,196,69,0,0.0,1165,166
365,1,198,365,198.0,167.0,0.5424657534246575,138,138,134,9,365,317,0.8684931506849315,71,91,210,200,0.547945205479452,174,191,203,198,0.5424657534246575,197,234,2,9,0,0,2,9,1,7,1,4,3,14,0,0,0,0,0,1.3945205479452054,7,161,125,47.21369863013699,125,35,2.0,0.5452054794520548,3.0,213,125,0,2.0,1166,167
365,1,203,365,205.0,160.0,0.5616438356164384,135,135,131,8,366,321,0.8794520547945206,61,78,211,200,0.547945205479452,171,187,203,203,0.5561643835616439,195,234,1,4,1,7,0,0,0,0,1,7,4,23,1,3,0,0,0,1.452054794520548,10,155,169,54.57534246575342,169,41,0.0,0.5589041095890411,4.0,217,169,0,0.0,1167,168
365,1,216,365,215.0,150.0,0.589041095890411,141,141,139,13,325,278,0.7616438356164383,73,94,216,215,0.589041095890411,162,176,218,216,0.5917808219178082,187,219,0,0,0,0,0,0,2,13,0,0,9,42,2,8,0,0,0,1.4,8,171,48,29.756164383561643,95,41,3.0,0.5945205479452055,4.0,207,48,0,3.0,1168,169
365,1,203,365,205.0,160.0,0.5616438356164384,136,136,132,10,349,315,0.863013698630137,76,98,215,209,0.5726027397260274,165,181,208,203,0.5561643835616439,188,222,0,0,0,0,0,0,1,6,2,15,4,21,1,5,2,6,3,1.6082191780821917,10,157,162,53.61369863013699,162,49,0.0,0.5589041095890411,4.0,220,162,3,0.0,1169,170
365,1,200,365,201.0,164.0,0.5506849315068493,130,130,127,8,373,333,0.9123287671232877,54,69,203,200,0.547945205479452,183,198,203,200,0.547945205479452,189,234,1,3,1,4,0,0,0,0,1,5,5,25,0,0,0,0,0,1.5123287671232877,9,167,123,49.342465753424655,134,41,1.0,0.5506849315068493,3.0,215,123,0,1.0,1170,171
365,1,190,365,191.0,174.0,0.5232876712328767,126,126,124,8,371,335,0.9178082191780822,73,94,200,194,0.5315068493150685,179,196,195,190,0.5205479452054794,205,242,0,0,0,0,1,5,2,14,3,19,1,7,1,5,0,0,1,1.5013698630136987,10,173,10,58.62191780821918,193,48,1.0,0.5232876712328767,4.0,226,10,1,1.0,1171,172
365,1,203,365,204.0,161.0,0.5589041095890411,136,136,131,14,345,315,0.863013698630137,81,104,215,203,0.5561643835616439,168,184,204,203,0.5561643835616439,191,230,3,12,1,6,0,0,3,20,1,8,4,19,1,2,1,3,2,1.463013698630137,9,156,147,47.917808219178085,147,41,1.0,0.5589041095890411,3.0,213,147,2,1.0,1172,173
365,1,212,365,214.0,151.0,0.5863013698630137,139,139,137,10,354,311,0.852054794520548,86,111,215,215,0.589041095890411,167,183,218,212,0.5808219178082191,168,206,1,4,0,0,0,0,2,11,1,10,1,7,1,3,4,11,0,1.6794520547945206,10,157,152,47.1972602739726,152,42,0.0,0.5835616438356165,3.0,205,152,0,0.0,1173,174
365,1,199,365,201.0,164.0,0.5506849315068493,135,135,132,12,358,315,0.863013698630137,66,85,204,200,0.547945205479452,179,197,203,199,0.5452054794520548,201,233,1,4,1,4,0,0,1,8,3,26,5,24,0,0,1,1,0,1.378082191780822,8,164,147,48.81369863013698,147,41,0.0,0.547945205479452,3.0,216,147,0,0.0,1174,175
365,1,203,365,205.0,160.0,0.5616438356164384,135,135,131,9,349,311,0.852054794520548,80,103,211,200,0.547945205479452,175,190,203,203,0.5561643835616439,196,232,1,3,1,4,0,0,2,10,0,0,4,17,0,0,1,2,0,1.4109589041095891,9,180,157,53.73698630136986,157,44,0.0,0.5589041095890411,3.0,215,157,0,0.0,1175,176
365,1,203,365,205.0,160.0,0.5616438356164384,133,133,129,12,387,335,0.9178082191780822,44,56,210,200,0.547945205479452,171,188,203,203,0.5561643835616439,197,234,0,0,0,0,0,0,2,12,3,22,6,24,1,3,0,0,0,1.3945205479452054,9,180,180,59.26849315068493,180,37,0.0,0.5589041095890411,3.0,212,180,0,0.0,1176,177
365,1,203,365,205.0,160.0,0.5616438356164384,129,129,126,9,347,302,0.8273972602739726,89,115,215,201,0.5506849315068493,170,186,203,203,0.5561643835616439,199,233,0,0,0,0,0,0,4,27,1,4,3,9,0,0,1,1,1,1.536986301369863,9,174,143,47.967123287671235,143,46,0.0,0.5589041095890411,3.0,212,143,1,0.0,1177,178
365,1,214,365,214.0,151.0,0.5863013698630137,141,141,139,9,338,293,0.8027397260273973,88,114,216,215,0.589041095890411,170,185,218,214,0.5863013698630137,179,215,0,0,0,0,0,0,3,17,1,7,3,17,0,0,2,4,0,1.6684931506849314,13,150,31,37.673972602739724,122,41,2.0,0.589041095890411,3.0,205,31,0,2.0,1178,179
365,1,198,365,200.0,165.0,0.547945205479452,130,130,128,12,349,317,0.8684931506849315,76,98,200,200,0.547945205479452,180,198,203,198,0.5424657534246575,201,234,1,5,0,0,0,0,3,18,3,25,4,21,1,3,0,0,0,1.4465753424657535,11,168,179,58.46027397260274,179,43,0.0,0.5452054794520548,3.0,217,179,0,0.0,1179,180
365,1,203,365,205.0,160.0,0.5616438356164384,141,141,137,3,364,322,0.8821917808219178,85,110,215,210,0.5753424657534246,164,181,206,203,0.5561643835616439,199,231,0,0,0,0,0,0,1,4,1,4,0,0,1,5,0,0,7,1.5013698630136987,10,167,42,45.61369863013699,156,41,0.0,0.5589041095890411,3.0,211,42,7,0.0,1180,181
365,1,203,365,205.0,160.0,0.5616438356164384,138,138,134,5,349,311,0.852054794520548,87,112,208,200,0.547945205479452,176,193,203,203,0.5561643835616439,198,234,1,5,0,0,1,6,1,7,0,0,2,10,0,0,0,0,0,1.3753424657534246,8,169,127,45.47945205479452,127,39,0.0,0.5589041095890411,4.0,218,127,0,0.0,1181,182
365,1,193,365,195.0,170.0,0.5342465753424658,131,131,129,14,375,338,0.9260273972602739,61,78,200,199,0.5452054794520548,180,198,200,193,0.5287671232876713,200,233,0,0,2,8,0,0,4,22,1,10,4,16,1,3,2,4,2,1.378082191780822,9,175,126,48.24931506849315,133,37,0.0,0.5315068493150685,4.0,220,126,2,0.0,1182,183
365,1,203,365,205.0,160.0,0.5616438356164384,134,134,130,15,353,314,0.8602739726027397,50,64,208,200,0.547945205479452,176,191,203,203,0.5561643835616439,198,231,0,0,0,0,0,0,2,12,2,15,8,44,1,2,2,3,0,1.473972602739726,11,174,30,46.78904109589041,155,47,0.0,0.5589041095890411,3.0,210,30,0,0.0,1183,184
365,1,190,365,191.0,174.0,0.5232876712328767,138,138,136,11,370,339,0.9287671232876712,76,98,200,198,0.5424657534246575,179,196,194,190,0.5205479452054794,206,243,4,11,0,0,1,6,2,15,2,12,1,5,1,5,0,0,2,1.2794520547945205,7,169,79,52.704109589041096,161,47,1.0,0.5232876712328767,4.0,222,79,2,1.0,1184,185
365,1,208,365,208.0,157.0,0.5698630136986301,144,144,141,6,375,342,0.936986301369863,72,93,215,214,0.5863013698630137,168,182,212,208,0.5698630136986301,190,225,1,5,0,0,1,5,2,15,0,0,1,5,1,4,0,0,1,1.4082191780821918,7,155,177,59.536986301369865,177,41,2.0,0.5726027397260274,3.0,206,177,1,2.0,1185,186
365,1,212,365,213.0,152.0,0.5835616438356165,141,141,139,8,358,320,0.8767123287671232,69,89,219,215,0.589041095890411,166,182,217,212,0.5808219178082191,181,219,0,0,1,6,0,0,2,13,0,0,4,21,0,0,1,1,0,1.5808219178082192,10,146,52,42.221917808219175,134,37,1.0,0.5835616438356165,3.0,204,52,0,1.0,1186,187
365,1,202,365,202.0,163.0,0.5534246575342465,129,129,127,8,393,343,0.9397260273972603,54,69,202,200,0.547945205479452,181,197,203,202,0.5534246575342465,197,234,1,5,0,0,2,12,1,6,1,4,2,9,1,2,0,0,0,1.4876712328767123,10,171,117,52.14794520547945,144,44,2.0,0.5561643835616439,4.0,218,117,0,2.0,1187,188
365,1,188,365,190.0,175.0,0.5205479452054794,126,126,123,5,349,320,0.8767123287671232,92,119,196,185,0.5068493150684932,187,205,188,188,0.5150684931506849,208,243,0,0,0,0,0,0,1,8,1,9,1,5,0,0,2,5,0,1.2301369863013698,6,188,69,49.93150684931507,153,40,0.0,0.5178082191780822,3.0,223,69,0,0.0,1188,189
365,1,190,365,192.0,173.0,0.5260273972602739,130,130,128,9,345,310,0.8493150684931506,78,100,200,198,0.5424657534246575,184,201,196,190,0.5205479452054794,204,241,1,2,0,0,0,0,1,7,2,14,5,22,0,0,0,0,2,1.5205479452054795,12,171,115,46.49315068493151,118,39,0.0,0.5232876712328767,3.0,227,115,2,0.0,1189,190
365,1,201,365,203.0,162.0,0.5561643835616439,143,143,140,12,355,317,0.8684931506849315,62,80,215,202,0.5534246575342465,168,181,204,201,0.5506849315068493,197,232,1,5,0,0,1,3,1,8,1,10,6,30,1,5,1,1,1,1.2931506849315069,6,165,121,48.013698630136986,121,42,0.0,0.5534246575342465,4.0,209,121,1,0.0,1190,191
365,1,216,365,218.0,147.0,0.5972602739726027,142,142,139,10,360,321,0.8794520547945206,59,76,225,215,0.589041095890411,157,173,218,216,0.5917808219178082,179,219,3,11,0,0,0,0,1,7,0,0,5,29,1,3,0,0,0,1.6493150684931508,10,148,87,39.76712328767123,114,41,0.0,0.5945205479452055,3.0,206,87,0,0.0,1191,192
365,1,209,365,209.0,156.0,0.5726027397260274,146,146,144,10,345,294,0.8054794520547945,75,97,215,215,0.589041095890411,163,181,214,209,0.5726027397260274,189,223,1,3,0,0,0,0,3,18,0,0,5,25,1,5,0,0,1,1.4876712328767123,9,149,21,41.134246575342466,136,38,2.0,0.5753424657534246,4.0,209,21,1,2.0,1192,193
365,1,203,365,204.0,161.0,0.5589041095890411,131,131,128,8,352,322,0.8821917808219178,84,108,205,200,0.547945205479452,180,196,203,203,0.5561643835616439,195,231,0,0,0,0,0,0,3,18,2,10,2,11,0,0,1,3,0,1.3753424657534246,9,168,172,55.38630136986301,172,42,1.0,0.5589041095890411,3.0,217,172,0,1.0,1193,194
365,1,189,365,191.0,174.0,0.5232876712328767,129,129,127,13,353,318,0.8712328767123287,81,104,200,195,0.5342465753424658,167,182,193,189,0.5178082191780822,207,242,0,0,0,0,0,0,2,12,2,14,3,13,4,17,2,2,4,1.3643835616438356,8,172,155,46.868493150684934,155,41,0.0,0.5205479452054794,3.0,225,155,4,0.0,1194,195
365,1,195,365,197.0,168.0,0.5397260273972603,131,131,129,15,363,329,0.9013698630136986,43,55,200,200,0.547945205479452,183,201,199,195,0.5342465753424658,202,236,0,0,0,0,0,0,3,11,2,16,9,43,0,0,1,2,2,1.4273972602739726,9,170,120,47.347945205479455,128,39,0.0,0.536986301369863,3.0,214,120,2,0.0,1195,196
365,1,218,365,219.0,146.0,0.6,148,148,144,12,356,315,0.863013698630137,62,80,226,215,0.589041095890411,153,167,218,218,0.5972602739726027,180,210,1,5,0,0,0,0,1,8,0,0,5,29,2,7,3,8,0,1.5013698630136987,8,148,56,40.608219178082194,130,41,1.0,0.6,4.0,201,56,0,1.0,1196,197
365,1,195,365,196.0,169.0,0.536986301369863,133,133,131,13,371,328,0.8986301369863013,49,63,201,200,0.547945205479452,177,196,200,195,0.5342465753424658,204,236,2,7,0,0,0,0,0,0,3,20,6,31,1,4,1,1,1,1.3342465753424657,9,167,116,48.06301369863014,135,40,1.0,0.536986301369863,3.0,222,116,1,1.0,1197,198
365,1,203,365,205.0,160.0,0.5616438356164384,137,137,132,8,376,336,0.9205479452054794,57,73,215,200,0.547945205479452,168,183,203,203,0.5561643835616439,197,234,2,7,0,0,0,0,1,8,0,0,4,19,1,3,0,0,0,1.4301369863013698,8,166,171,53.89041095890411,171,38,0.0,0.5589041095890411,4.0,213,171,0,0.0,1198,199
365,1,191,365,191.0,174.0,0.5232876712328767,126,126,124,6,375,327,0.8958904109589041,67,86,200,197,0.5397260273972603,184,201,196,191,0.5232876712328767,211,241,1,4,0,0,0,0,0,0,3,22,2,10,0,0,0,0,2,1.3315068493150686,10,192,187,65.56986301369864,187,45,2.0,0.5260273972602739,4.0,228,187,2,2.0,1199,200
365,1,208,365,209.0,156.0,0.5726027397260274,143,143,140,9,375,335,0.9178082191780822,72,93,215,213,0.5835616438356165,166,179,212,208,0.5698630136986301,185,222,1,4,0,0,1,4,1,7,2,12,1,5,2,6,1,3,2,1.5671232876712329,9,154,119,50.18082191780822,138,41,1.0,0.5726027397260274,3.0,201,119,2,1.0,1200,201
365,1,202,365,204.0,161.0,0.5589041095890411,140,140,135,11,345,315,0.863013698630137,81,104,215,204,0.5589041095890411,170,186,204,202,0.5534246575342465,197,230,1,5,0,0,1,3,2,12,1,10,4,19,0,0,2,3,2,1.5726027397260274,11,160,112,44.37260273972603,120,36,0.0,0.5561643835616439,3.0,216,112,2,0.0,1201,202
365,1,198,365,198.0,167.0,0.5424657534246575,133,133,129,8,346,315,0.863013698630137,92,119,210,200,0.547945205479452,174,191,203,198,0.5424657534246575,196,230,1,4,1,3,0,0,2,9,1,6,1,7,0,0,2,4,0,1.4082191780821918,10,185,16,52.221917808219175,164,43,2.0,0.5452054794520548,3.0,219,16,0,2.0,1202,203
365,1,191,365,193.0,172.0,0.5287671232876713,129,129,127,8,360,317,0.8684931506849315,71,91,200,196,0.536986301369863,183,201,195,191,0.5232876712328767,202,242,0,0,0,0,0,0,0,0,4,24,4,18,0,0,0,0,2,1.3397260273972602,9,182,145,53.010958904109586,145,38,0.0,0.5260273972602739,4.0,219,145,2,0.0,1203,204
365,1,205,365,206.0,159.0,0.5643835616438356,141,141,138,11,362,329,0.9013698630136986,63,81,215,211,0.5780821917808219,168,184,210,205,0.5616438356164384,187,226,0,0,0,0,0,0,2,13,2,10,5,24,1,2,1,1,4,1.4794520547945205,8,152,173,56.55068493150685,173,43,1.0,0.5643835616438356,3.0,208,173,4,1.0,1204,205
365,1,203,365,205.0,160.0,0.5616438356164384,131,131,127,10,375,336,0.9205479452054794,62,80,214,201,0.5506849315068493,163,178,203,203,0.5561643835616439,197,234,0,0,0,0,1,6,2,12,1,10,3,15,3,8,0,0,1,1.5397260273972602,10,175,170,54.153424657534245,170,39,0.0,0.5589041095890411,4.0,209,170,1,0.0,1205,206
365,1,181,365,182.0,183.0,0.4986301369863014,127,127,125,20,357,328,0.8986301369863013,64,82,187,185,0.5068493150684932,181,196,188,181,0.4958904109589041,204,248,1,2,0,0,0,0,2,15,6,41,6,27,4,16,1,1,0,1.378082191780822,11,166,63,54.106849315068494,161,46,1.0,0.4986301369863014,4.0,231,63,0,1.0,1206,207
365,1,208,365,210.0,155.0,0.5753424657534246,148,148,146,8,353,313,0.8575342465753425,86,111,215,214,0.5863013698630137,169,186,214,208,0.5698630136986301,188,223,0,0,1,5,1,3,4,25,0,0,2,8,0,0,0,0,3,1.378082191780822,8,159,134,46.29041095890411,134,40,0.0,0.5726027397260274,3.0,205,134,3,0.0,1207,208
365,1,203,365,205.0,160.0,0.5616438356164384,138,138,134,14,374,319,0.873972602739726,44,56,211,200,0.547945205479452,171,188,203,203,0.5561643835616439,196,232,0,0,0,0,0,0,4,22,1,4,7,34,1,2,1,2,0,1.3945205479452054,8,170,141,53.12876712328767,141,41,0.0,0.5589041095890411,3.0,207,141,0,0.0,1208,209
365,1,203,365,205.0,160.0,0.5616438356164384,132,132,129,12,345,302,0.8273972602739726,71,91,215,202,0.5534246575342465,170,184,203,203,0.5561643835616439,190,234,0,0,0,0,0,0,3,13,3,21,5,29,1,2,0,0,0,1.5698630136986302,9,168,13,50.24657534246575,152,43,0.0,0.5589041095890411,4.0,221,13,0,0.0,1209,210
365,1,203,365,205.0,160.0,0.5616438356164384,133,133,129,12,345,309,0.8465753424657534,87,112,213,200,0.547945205479452,167,181,203,203,0.5561643835616439,188,225,1,3,0,0,0,0,1,4,2,9,2,13,2,6,4,8,0,1.4,10,170,144,48.35068493150685,144,38,0.0,0.5589041095890411,4.0,212,144,0,0.0,1210,211
365,1,196,365,198.0,167.0,0.5424657534246575,134,134,130,12,317,289,0.7917808219178082,99,128,207,200,0.547945205479452,175,189,202,196,0.536986301369863,203,235,1,4,0,0,0,0,5,33,0,0,5,22,1,5,0,0,0,1.4,8,170,82,38.0958904109589,115,39,0.0,0.5397260273972603,3.0,221,82,0,0.0,1211,212
365,1,193,365,195.0,170.0,0.5342465753424658,129,129,127,15,326,298,0.8164383561643835,92,119,200,198,0.5424657534246575,181,198,199,193,0.5287671232876713,204,238,1,5,0,0,0,0,6,44,2,12,5,22,1,3,0,0,2,1.4082191780821918,9,179,102,44.36986301369863,118,47,0.0,0.5315068493150685,3.0,227,102,2,0.0,1212,213
365,1,203,365,205.0,160.0,0.5616438356164384,143,143,139,12,356,316,0.8657534246575342,69,89,215,211,0.5780821917808219,162,177,208,203,0.5561643835616439,195,229,1,4,1,4,0,0,1,5,2,13,4,22,3,8,0,0,5,1.4,9,165,135,47.37808219178082,135,40,0.0,0.5589041095890411,4.0,218,135,5,0.0,1213,214
365,1,194,365,196.0,169.0,0.536986301369863,133,133,130,11,345,306,0.8383561643835616,93,120,205,200,0.547945205479452,171,186,201,194,0.5315068493150685,202,236,1,2,0,0,0,0,4,25,2,16,2,7,2,9,0,0,1,1.3726027397260274,8,165,140,50.038356164383565,140,43,0.0,0.5342465753424658,3.0,222,140,1,0.0,1214,215
365,1,212,365,214.0,151.0,0.5863013698630137,142,142,140,11,349,311,0.852054794520548,80,103,215,215,0.589041095890411,157,173,216,212,0.5808219178082191,180,219,0,0,0,0,0,0,2,10,2,9,3,17,3,12,1,2,2,1.7616438356164383,12,142,28,43.413698630136984,141,39,0.0,0.5835616438356165,3.0,213,28,2,0.0,1215,216
365,1,202,365,204.0,161.0,0.5589041095890411,133,133,129,9,361,317,0.8684931506849315,77,99,208,200,0.547945205479452,177,193,203,202,0.5534246575342465,197,234,2,8,0,0,0,0,2,12,2,15,3,11,0,0,0,0,0,1.5342465753424657,10,168,155,54.81917808219178,155,44,0.0,0.5561643835616439,3.0,215,155,0,0.0,1216,217
365,1,206,365,208.0,157.0,0.5698630136986301,140,140,137,7,349,313,0.8575342465753425,82,106,215,212,0.5808219178082191,166,183,212,206,0.5643835616438356,193,225,0,0,0,0,0,0,3,17,0,0,3,15,1,3,0,0,1,1.5671232876712329,11,152,144,52.73424657534247,144,39,0.0,0.5671232876712329,3.0,206,144,1,0.0,1217,218
365,1,203,365,205.0,160.0,0.5616438356164384,143,143,138,13,365,316,0.8657534246575342,77,99,215,201,0.5506849315068493,156,171,203,203,0.5561643835616439,195,234,2,7,0,0,0,0,3,18,2,13,2,8,4,14,0,0,1,1.3397260273972602,9,172,132,48.26849315068493,132,39,0.0,0.5589041095890411,3.0,207,132,1,0.0,1218,219
365,1,203,365,205.0,160.0,0.5616438356164384,137,137,133,10,345,308,0.8438356164383561,85,110,210,200,0.547945205479452,164,181,203,203,0.5561643835616439,190,234,1,3,0,0,0,0,1,8,2,14,3,15,3,9,0,0,0,1.3287671232876712,8,165,87,42.92876712328767,127,38,0.0,0.5589041095890411,3.0,211,87,0,0.0,1219,220
365,1,196,365,198.0,167.0,0.5424657534246575,129,129,127,8,381,342,0.936986301369863,56,72,200,200,0.547945205479452,177,197,202,196,0.536986301369863,199,235,2,7,0,0,0,0,0,0,2,12,3,16,1,4,0,0,0,1.4219178082191781,8,178,150,50.78356164383562,150,42,0.0,0.5397260273972603,4.0,219,150,0,0.0,1220,221
365,1,203,365,205.0,160.0,0.5616438356164384,141,141,137,8,372,323,0.8849315068493151,60,77,215,208,0.5698630136986301,167,183,206,203,0.5561643835616439,188,228,0,0,0,0,0,0,2,15,0,0,3,19,1,3,2,3,2,1.4465753424657535,8,171,155,54.16438356164384,155,40,0.0,0.5589041095890411,3.0,213,155,2,0.0,1221,222
365,1,216,365,217.0,148.0,0.5945205479452055,148,148,147,6,405,352,0.9643835616438357,41,52,215,215,0.589041095890411,164,179,218,216,0.5917808219178082,181,219,0,0,0,0,0,0,0,0,1,10,3,13,2,6,0,0,0,1.5698630136986302,9,141,190,60.45205479452055,190,35,1.0,0.5945205479452055,3.0,193,190,0,1.0,1222,223
365,1,203,365,203.0,162.0,0.5561643835616439,125,125,123,9,358,318,0.8712328767123287,78,100,200,200,0.547945205479452,179,196,203,203,0.5561643835616439,197,228,0,0,0,0,0,0,2,14,1,6,3,12,1,5,2,5,0,1.4821917808219178,12,184,157,52.728767123287675,157,44,2.0,0.5589041095890411,3.0,213,157,0,2.0,1223,224
365,1,203,365,205.0,160.0,0.5616438356164384,140,140,135,9,376,338,0.9260273972602739,54,69,215,203,0.5561643835616439,169,181,204,203,0.5561643835616439,196,233,0,0,0,0,0,0,1,5,2,9,5,22,1,5,0,0,0,1.4273972602739726,10,165,184,56.93972602739726,184,40,0.0,0.5589041095890411,3.0,205,184,0,0.0,1224,225
365,1,218,365,220.0,145.0,0.6027397260273972,141,141,139,9,352,308,0.8438356164383561,82,106,222,215,0.589041095890411,167,179,218,218,0.5972602739726027,186,216,1,3,1,7,1,4,2,15,0,0,3,12,0,0,1,3,0,1.5287671232876712,9,156,71,31.013698630136986,103,43,0.0,0.6,3.0,204,71,0,0.0,1225,226
365,1,209,365,210.0,155.0,0.5753424657534246,138,138,135,5,383,327,0.8958904109589041,67,86,215,214,0.5863013698630137,170,186,213,209,0.5726027397260274,188,223,2,8,0,0,0,0,1,4,0,0,1,4,0,0,1,1,2,1.621917808219178,9,154,166,52.68767123287671,166,39,1.0,0.5753424657534246,3.0,215,166,2,1.0,1226,227
365,1,188,365,190.0,175.0,0.5205479452054794,131,131,128,9,346,315,0.863013698630137,90,116,199,186,0.5095890410958904,178,194,188,188,0.5150684931506849,211,248,0,0,0,0,1,4,2,9,1,10,2,9,2,7,1,1,0,1.2602739726027397,9,185,117,46.61095890410959,120,43,0.0,0.5178082191780822,4.0,228,117,0,0.0,1227,228
365,1,194,365,196.0,169.0,0.536986301369863,132,132,130,9,385,337,0.9232876712328767,40,51,200,200,0.547945205479452,174,190,201,194,0.5315068493150685,199,236,0,0,0,0,0,0,0,0,2,17,5,29,2,10,0,0,0,1.4383561643835616,9,172,174,54.61917808219178,174,39,0.0,0.5342465753424658,3.0,221,174,0,0.0,1228,229
365,1,200,365,202.0,163.0,0.5534246575342465,136,136,133,15,375,337,0.9232876712328767,44,56,204,200,0.547945205479452,175,193,203,200,0.547945205479452,198,231,2,5,0,0,0,0,2,10,2,11,6,33,1,4,2,3,0,1.3534246575342466,8,178,170,56.55068493150685,170,37,0.0,0.5506849315068493,3.0,210,170,0,0.0,1229,230
365,1,207,365,207.0,158.0,0.5671232876712329,138,138,135,7,349,314,0.8602739726027397,82,106,217,215,0.589041095890411,166,182,212,207,0.5671232876712329,188,219,0,0,0,0,0,0,1,5,0,0,3,15,1,2,2,5,5,1.5232876712328767,10,155,134,45.62739726027397,134,39,2.0,0.5698630136986301,3.0,218,134,5,2.0,1230,231
365,1,191,365,193.0,172.0,0.5287671232876713,124,124,122,15,362,319,0.873972602739726,64,82,200,199,0.5452054794520548,177,193,197,191,0.5232876712328767,200,233,3,10,0,0,0,0,2,7,1,7,5,23,2,7,2,6,2,1.4904109589041097,9,164,93,45.97534246575343,133,41,0.0,0.5260273972602739,4.0,224,93,2,0.0,1231,232
365,1,217,365,219.0,146.0,0.6,154,154,150,7,375,332,0.9095890410958904,55,70,226,215,0.589041095890411,153,167,218,217,0.5945205479452055,184,219,0,0,0,0,1,5,0,0,0,0,4,22,2,7,0,0,0,1.356164383561644,7,155,166,57.794520547945204,166,37,0.0,0.5972602739726027,4.0,201,166,0,0.0,1232,233
365,1,188,365,190.0,175.0,0.5205479452054794,124,124,121,7,352,315,0.863013698630137,80,103,200,186,0.5095890410958904,178,196,188,188,0.5150684931506849,206,249,0,0,2,10,0,0,0,0,1,10,3,15,1,5,0,0,0,1.252054794520548,10,188,91,48.07123287671233,142,42,0.0,0.5178082191780822,3.0,225,91,0,0.0,1233,234
365,1,212,365,214.0,151.0,0.5863013698630137,143,143,141,6,369,316,0.8657534246575342,71,91,216,215,0.589041095890411,165,181,217,212,0.5808219178082191,184,220,0,0,0,0,0,0,1,7,1,10,2,11,2,4,0,0,0,1.6246575342465754,10,142,152,48.443835616438356,152,38,0.0,0.5835616438356165,4.0,209,152,0,0.0,1234,235
365,1,203,365,205.0,160.0,0.5616438356164384,145,145,140,7,375,333,0.9123287671232877,59,76,215,202,0.5534246575342465,167,183,204,203,0.5561643835616439,198,233,0,0,0,0,1,3,0,0,2,11,3,18,1,3,0,0,1,1.263013698630137,9,176,70,46.131506849315066,149,44,0.0,0.5589041095890411,3.0,213,70,1,0.0,1235,236
365,1,203,365,205.0,160.0,0.5616438356164384,139,139,134,8,365,311,0.852054794520548,74,95,215,204,0.5589041095890411,171,184,203,203,0.5561643835616439,195,234,2,7,0,0,0,0,2,11,1,8,2,11,1,2,0,0,2,1.463013698630137,9,158,160,50.01917808219178,160,41,0.0,0.5589041095890411,4.0,217,160,2,0.0,1236,237
365,1,193,365,195.0,170.0,0.5342465753424658,137,137,135,10,377,334,0.915068493150685,65,83,200,198,0.5424657534246575,185,201,198,193,0.5287671232876713,206,239,2,8,1,5,0,0,2,15,3,19,2,11,0,0,0,0,0,1.4931506849315068,8,152,153,51.55068493150685,153,40,0.0,0.5315068493150685,3.0,215,153,0,0.0,1237,238
365,1,192,365,193.0,172.0,0.5287671232876713,130,130,128,13,363,316,0.8657534246575342,57,73,200,197,0.5397260273972603,179,198,196,192,0.5260273972602739,205,241,1,5,1,3,0,0,2,12,2,19,6,29,1,3,0,0,4,1.2931506849315069,7,179,94,44.04383561643836,133,43,1.0,0.5287671232876713,4.0,227,94,4,1.0,1238,239
365,1,188,365,190.0,175.0,0.5205479452054794,129,129,127,10,345,302,0.8273972602739726,100,129,200,187,0.5123287671232877,182,198,188,188,0.5150684931506849,212,249,1,3,0,0,0,0,5,28,3,28,0,0,1,3,0,0,2,1.2575342465753425,9,179,137,43.608219178082194,137,48,0.0,0.5178082191780822,3.0,229,137,2,0.0,1239,240
365,1,211,365,212.0,153.0,0.5808219178082191,143,143,141,9,360,315,0.863013698630137,76,98,215,215,0.589041095890411,160,175,215,211,0.5780821917808219,186,222,1,4,0,0,1,3,2,14,1,7,2,12,2,10,0,0,2,1.3808219178082193,8,154,119,47.221917808219175,120,38,1.0,0.5808219178082191,3.0,204,119,2,1.0,1240,241
365,1,203,365,205.0,160.0,0.5616438356164384,140,140,136,10,360,316,0.8657534246575342,72,93,211,201,0.5506849315068493,162,179,203,203,0.5561643835616439,203,233,0,0,0,0,1,3,2,13,0,0,3,16,3,10,1,1,0,1.4027397260273973,8,163,124,47.8986301369863,124,41,0.0,0.5589041095890411,3.0,206,124,0,0.0,1241,242
365,1,210,365,210.0,155.0,0.5753424657534246,144,144,141,5,375,330,0.9041095890410958,66,85,222,215,0.589041095890411,159,175,215,210,0.5753424657534246,190,221,1,4,0,0,0,0,0,0,0,0,2,11,1,4,1,1,2,1.4958904109589042,8,156,161,50.51780821917808,161,39,2.0,0.5780821917808219,3.0,208,161,2,2.0,1242,243
365,1,188,365,190.0,175.0,0.5205479452054794,125,125,123,10,364,316,0.8657534246575342,72,93,189,185,0.5068493150684932,187,205,188,188,0.5150684931506849,211,249,0,0,0,0,0,0,1,6,5,37,2,13,2,6,0,0,0,1.3287671232876712,10,188,136,48.14520547945205,136,37,0.0,0.5178082191780822,5.0,221,136,0,0.0,1243,244
365,1,218,365,219.0,146.0,0.6,147,147,144,10,345,311,0.852054794520548,84,108,223,215,0.589041095890411,163,178,218,218,0.5972602739726027,184,219,2,5,0,0,3,15,2,8,0,0,3,16,0,0,0,0,0,1.4575342465753425,10,159,121,43.28219178082192,121,43,1.0,0.6,3.0,201,121,0,1.0,1244,245
365,1,203,365,205.0,160.0,0.5616438356164384,129,129,125,12,376,339,0.9287671232876712,57,73,213,200,0.547945205479452,169,186,203,203,0.5561643835616439,192,228,1,5,0,0,0,0,3,19,1,6,4,19,1,2,2,5,0,1.4191780821917808,8,183,150,49.679452054794524,150,44,0.0,0.5589041095890411,3.0,210,150,0,0.0,1245,246
365,1,213,365,214.0,151.0,0.5863013698630137,141,141,140,3,345,312,0.8547945205479452,97,125,219,215,0.589041095890411,165,182,218,213,0.5835616438356165,186,219,0,0,0,0,0,0,0,0,2,12,1,3,0,0,0,0,0,1.536986301369863,9,157,23,43.728767123287675,139,42,1.0,0.5863013698630137,4.0,207,23,0,1.0,1246,247
365,1,198,365,199.0,166.0,0.5452054794520548,128,128,125,11,345,315,0.863013698630137,85,110,203,200,0.547945205479452,170,186,202,198,0.5424657534246575,202,235,0,0,1,3,0,0,2,9,2,17,3,15,3,11,0,0,1,1.4027397260273973,9,179,152,49.52054794520548,152,41,1.0,0.5452054794520548,4.0,218,152,1,1.0,1247,248
365,1,204,365,206.0,159.0,0.5643835616438356,146,146,141,14,371,322,0.8821917808219178,53,68,215,205,0.5616438356164384,155,172,207,204,0.5589041095890411,199,230,0,0,0,0,2,10,2,13,1,10,6,27,3,13,0,0,1,1.4164383561643836,7,153,126,46.50684931506849,126,41,0.0,0.5616438356164384,3.0,214,126,1,0.0,1248,249
365,1,198,365,200.0,165.0,0.547945205479452,132,132,130,13,376,334,0.915068493150685,53,68,200,200,0.547945205479452,174,189,203,198,0.5424657534246575,200,234,2,6,0,0,0,0,1,4,2,13,5,23,3,11,0,0,0,1.3945205479452054,9,174,134,52.93972602739726,134,37,0.0,0.5452054794520548,3.0,223,134,0,0.0,1249,250
365,1,204,365,206.0,159.0,0.5643835616438356,139,139,135,9,373,331,0.9068493150684932,58,74,215,210,0.5753424657534246,166,184,208,204,0.5589041095890411,196,228,0,0,0,0,0,0,2,12,1,5,4,21,1,2,1,1,5,1.4821917808219178,9,162,174,55.78082191780822,174,41,0.0,0.5616438356164384,3.0,213,174,5,0.0,1250,251
365,1,196,365,197.0,168.0,0.5397260273972603,129,129,127,11,371,315,0.863013698630137,61,78,200,200,0.547945205479452,183,201,201,196,0.536986301369863,198,235,1,2,0,0,0,0,4,24,1,5,4,19,0,0,1,1,0,1.4383561643835616,8,170,120,45.71232876712329,120,46,1.0,0.5397260273972603,3.0,212,120,0,1.0,1251,252
365,1,202,365,204.0,161.0,0.5589041095890411,135,135,131,10,374,323,0.8849315068493151,60,77,209,200,0.547945205479452,170,187,203,202,0.5534246575342465,198,234,0,0,0,0,1,4,2,13,2,14,3,18,2,5,0,0,0,1.4136986301369863,9,170,144,51.827397260273976,144,41,0.0,0.5561643835616439,4.0,210,144,0,0.0,1252,253
365,1,189,365,190.0,175.0,0.5205479452054794,128,128,126,11,356,314,0.8602739726027397,55,71,201,197,0.5397260273972603,183,200,194,189,0.5178082191780822,202,243,0,0,0,0,0,0,2,12,2,15,7,36,0,0,0,0,5,1.4958904109589042,10,173,154,50.347945205479455,154,45,1.0,0.5205479452054794,3.0,222,154,5,1.0,1253,254
365,1,194,365,196.0,169.0,0.536986301369863,130,130,128,10,372,327,0.8958904109589041,69,89,201,200,0.547945205479452,181,200,199,194,0.5315068493150685,201,235,1,2,1,3,1,3,2,11,2,12,2,10,0,0,1,3,0,1.6383561643835616,13,166,102,46.85479452054795,136,40,0.0,0.5342465753424658,3.0,213,102,0,0.0,1254,255
365,1,203,365,205.0,160.0,0.5616438356164384,137,137,133,5,364,320,0.8767123287671232,79,102,211,200,0.547945205479452,176,190,203,203,0.5561643835616439,194,232,1,3,1,6,0,0,1,6,0,0,1,6,0,0,1,2,0,1.4493150684931506,9,158,152,50.81369863013698,152,43,0.0,0.5589041095890411,3.0,220,152,0,0.0,1255,256
365,1,203,365,205.0,160.0,0.5616438356164384,131,131,127,7,358,315,0.863013698630137,78,100,209,200,0.547945205479452,173,189,203,203,0.5561643835616439,194,233,0,0,1,3,1,3,0,0,0,0,3,12,1,3,1,1,0,1.5287671232876712,10,171,151,50.673972602739724,151,40,0.0,0.5589041095890411,3.0,206,151,0,0.0,1256,257
365,1,211,365,212.0,153.0,0.5808219178082191,142,142,139,7,345,307,0.8410958904109589,78,100,225,215,0.589041095890411,162,176,218,211,0.5780821917808219,184,219,0,0,0,0,0,0,3,16,0,0,4,22,0,0,0,0,0,1.6054794520547946,10,158,0,47.52876712328767,148,45,1.0,0.5808219178082191,3.0,202,0,0,1.0,1257,258
365,1,208,365,210.0,155.0,0.5753424657534246,140,140,138,7,345,306,0.8383561643835616,97,125,216,215,0.589041095890411,169,185,214,208,0.5698630136986301,191,217,1,5,0,0,0,0,2,10,1,7,1,3,0,0,2,5,1,1.4684931506849315,8,163,149,48.865753424657534,149,40,0.0,0.5726027397260274,3.0,203,149,1,0.0,1258,259
365,1,203,365,205.0,160.0,0.5616438356164384,133,133,129,8,345,299,0.8191780821917808,87,112,207,200,0.547945205479452,176,192,203,203,0.5561643835616439,199,233,0,0,0,0,0,0,3,18,1,10,2,13,1,2,1,1,0,1.4657534246575343,9,161,4,51.46027397260274,156,38,0.0,0.5589041095890411,3.0,216,4,0,0.0,1259,260
365,1,208,365,210.0,155.0,0.5753424657534246,148,148,145,11,379,338,0.9260273972602739,54,69,216,212,0.5808219178082191,161,176,213,208,0.5698630136986301,192,224,1,5,1,6,0,0,3,15,0,0,4,20,2,8,0,0,2,1.5013698630136987,11,155,153,49.5013698630137,153,39,0.0,0.5726027397260274,3.0,208,153,2,0.0,1260,261
365,1,199,365,200.0,165.0,0.547945205479452,129,129,128,9,375,340,0.9315068493150684,63,81,200,200,0.547945205479452,180,196,202,199,0.5452054794520548,193,233,1,5,0,0,0,0,1,7,2,13,3,14,1,5,1,2,0,1.3616438356164384,10,186,143,51.37534246575343,143,40,1.0,0.547945205479452,4.0,216,143,0,1.0,1261,262
365,1,203,365,204.0,161.0,0.5589041095890411,139,139,135,6,371,319,0.873972602739726,67,86,209,200,0.547945205479452,176,192,203,203,0.5561643835616439,196,233,0,0,1,6,0,0,0,0,1,8,3,13,0,0,1,1,0,1.3424657534246576,8,170,154,52.83013698630137,154,44,1.0,0.5589041095890411,3.0,207,154,0,1.0,1262,263
365,1,205,365,207.0,158.0,0.5671232876712329,143,143,141,11,391,350,0.958904109589041,48,61,215,213,0.5835616438356165,166,181,210,205,0.5616438356164384,185,224,1,4,0,0,0,0,3,19,2,10,3,17,1,5,1,3,5,1.4383561643835616,7,154,181,57.06301369863014,181,40,0.0,0.5643835616438356,3.0,212,181,5,0.0,1263,264
365,1,203,365,205.0,160.0,0.5616438356164384,135,135,130,12,374,327,0.8958904109589041,47,60,215,204,0.5589041095890411,171,186,205,203,0.5561643835616439,194,232,2,9,1,7,0,0,2,13,1,10,6,31,0,0,0,0,2,1.4657534246575343,9,169,21,52.057534246575344,168,44,0.0,0.5589041095890411,4.0,216,21,2,0.0,1264,265
365,1,198,365,200.0,165.0,0.547945205479452,129,129,127,11,347,304,0.8328767123287671,78,100,200,200,0.547945205479452,175,191,203,198,0.5424657534246575,198,232,0,0,0,0,0,0,1,7,3,21,4,21,2,9,1,2,0,1.3835616438356164,9,168,86,36.345205479452055,113,52,0.0,0.5452054794520548,4.0,222,86,0,0.0,1265,266
365,1,206,365,208.0,157.0,0.5698630136986301,138,138,135,10,347,312,0.8547945205479452,92,119,215,211,0.5780821917808219,159,173,211,206,0.5643835616438356,191,226,1,4,0,0,0,0,4,23,1,6,1,6,3,12,0,0,3,1.4164383561643836,8,165,150,44.96986301369863,150,38,0.0,0.5671232876712329,5.0,212,150,3,0.0,1266,267
365,1,203,365,204.0,161.0,0.5589041095890411,133,133,129,8,342,303,0.8301369863013699,98,127,211,200,0.547945205479452,175,190,203,203,0.5561643835616439,198,234,0,0,0,0,0,0,5,24,2,18,1,4,0,0,0,0,0,1.295890410958904,9,175,154,51.79178082191781,154,40,1.0,0.5589041095890411,3.0,215,154,0,1.0,1267,268
365,1,197,365,197.0,168.0,0.5397260273972603,132,132,130,9,390,341,0.9342465753424658,62,80,200,200,0.547945205479452,183,201,202,197,0.5397260273972603,198,234,1,3,1,3,0,0,3,14,2,11,1,3,0,0,1,1,0,1.5726027397260274,10,161,129,51.16712328767123,134,39,2.0,0.5424657534246575,3.0,222,129,0,2.0,1268,269
365,1,197,365,197.0,168.0,0.5397260273972603,135,135,131,11,351,314,0.8602739726027397,78,100,207,200,0.547945205479452,170,183,201,197,0.5397260273972603,199,236,0,0,1,4,0,0,3,19,1,8,4,18,2,10,0,0,2,1.4054794520547946,8,163,107,45.59452054794521,126,41,2.0,0.5424657534246575,3.0,213,107,2,2.0,1269,270
365,1,191,365,193.0,172.0,0.5287671232876713,135,135,133,6,367,324,0.8876712328767123,79,102,202,198,0.5424657534246575,172,191,198,191,0.5232876712328767,203,239,0,0,0,0,0,0,0,0,3,25,1,4,2,7,0,0,1,1.295890410958904,8,178,167,55.47123287671233,167,39,0.0,0.5260273972602739,4.0,216,167,1,0.0,1270,271
365,1,192,365,193.0,172.0,0.5287671232876713,131,131,128,9,352,312,0.8547945205479452,71,91,203,200,0.547945205479452,180,198,199,192,0.5260273972602739,205,238,2,9,0,0,0,0,2,13,0,0,5,24,0,0,0,0,3,1.3835616438356164,8,180,147,48.13972602739726,147,41,1.0,0.5287671232876713,3.0,225,147,3,1.0,1271,272
365,1,201,365,202.0,163.0,0.5534246575342465,141,141,137,14,379,335,0.9178082191780822,36,46,206,200,0.547945205479452,174,191,203,201,0.5506849315068493,201,232,2,6,1,7,1,3,1,7,1,9,6,38,1,4,1,2,0,1.4383561643835616,9,165,165,51.553424657534244,165,42,1.0,0.5534246575342465,3.0,204,165,0,1.0,1272,273
365,1,210,365,212.0,153.0,0.5808219178082191,147,147,145,11,353,314,0.8602739726027397,88,113,215,215,0.589041095890411,163,178,217,210,0.5753424657534246,185,219,3,12,0,0,2,10,0,0,2,10,1,6,2,7,1,1,1,1.3726027397260274,8,157,159,49.69041095890411,159,38,0.0,0.5780821917808219,3.0,213,159,1,0.0,1273,274
365,1,208,365,209.0,156.0,0.5726027397260274,141,141,138,13,374,323,0.8849315068493151,57,73,215,212,0.5808219178082191,163,177,213,208,0.5698630136986301,186,224,2,4,1,6,2,7,1,8,1,10,4,21,2,8,0,0,1,1.4821917808219178,9,157,135,44.4986301369863,135,37,1.0,0.5726027397260274,3.0,212,135,1,1.0,1274,275
365,1,193,365,194.0,171.0,0.5315068493150685,128,128,126,10,369,326,0.8931506849315068,65,84,200,198,0.5424657534246575,186,201,198,193,0.5287671232876713,207,238,0,0,0,0,1,6,0,0,4,29,4,16,0,0,1,1,1,1.4383561643835616,10,182,121,47.12602739726027,121,38,1.0,0.5315068493150685,4.0,218,121,1,1.0,1275,276
365,1,197,365,198.0,167.0,0.5424657534246575,128,128,126,11,367,331,0.9068493150684932,82,106,202,200,0.547945205479452,171,187,201,197,0.5397260273972603,192,234,1,4,0,0,0,0,3,15,2,14,1,1,3,11,1,2,2,1.3452054794520547,9,168,135,50.6986301369863,135,39,1.0,0.5424657534246575,3.0,211,135,2,1.0,1276,277
365,1,188,365,190.0,175.0,0.5205479452054794,130,130,128,12,347,301,0.8246575342465754,86,111,200,195,0.5342465753424658,177,192,193,188,0.5150684931506849,207,244,0,0,0,0,1,4,3,16,3,18,3,12,2,8,0,0,5,1.4273972602739726,10,172,136,45.367123287671234,136,41,0.0,0.5178082191780822,3.0,224,136,5,0.0,1277,278
365,1,203,365,205.0,160.0,0.5616438356164384,138,138,134,6,352,310,0.8493150684931506,85,110,210,200,0.547945205479452,174,191,203,203,0.5561643835616439,201,234,0,0,0,0,1,6,2,12,1,10,2,9,0,0,0,0,0,1.1753424657534246,7,186,113,42.18082191780822,113,40,0.0,0.5589041095890411,4.0,214,113,0,0.0,1278,279
365,1,203,365,205.0,160.0,0.5616438356164384,136,136,133,6,362,309,0.8465753424657534,78,100,215,200,0.547945205479452,166,182,203,203,0.5561643835616439,194,231,0,0,0,0,0,0,1,8,1,4,2,9,1,4,1,3,0,1.5287671232876712,12,159,123,45.35342465753425,123,41,0.0,0.5589041095890411,3.0,214,123,0,0.0,1279,280
365,1,203,365,205.0,160.0,0.5616438356164384,142,142,137,9,371,328,0.8986301369863013,72,93,215,207,0.5671232876712329,164,183,207,203,0.5561643835616439,191,230,1,3,1,3,0,0,2,11,2,14,2,8,1,3,0,0,1,1.3342465753424657,8,167,167,49.534246575342465,167,36,0.0,0.5589041095890411,4.0,213,167,1,0.0,1280,281
365,1,197,365,197.0,168.0,0.5397260273972603,137,137,133,12,359,318,0.8712328767123287,63,81,206,200,0.547945205479452,168,185,203,197,0.5397260273972603,194,233,1,3,0,0,1,4,1,7,1,9,5,26,2,9,1,1,0,1.389041095890411,9,159,125,43.59178082191781,125,41,2.0,0.5424657534246575,4.0,214,125,0,2.0,1281,282
365,1,200,365,201.0,164.0,0.5506849315068493,137,137,134,17,345,301,0.8246575342465754,80,103,203,200,0.547945205479452,171,188,203,200,0.547945205479452,193,230,3,10,0,0,1,3,2,13,2,9,4,20,3,9,2,4,0,1.36986301369863,7,156,98,44.80821917808219,120,41,1.0,0.5506849315068493,3.0,208,98,0,1.0,1282,283
365,1,212,365,213.0,152.0,0.5835616438356165,142,142,140,2,358,315,0.863013698630137,90,116,215,215,0.589041095890411,169,186,217,212,0.5808219178082191,187,220,0,0,0,0,0,0,2,13,0,0,0,0,0,0,0,0,1,1.5671232876712329,8,150,129,46.61917808219178,129,43,1.0,0.5835616438356165,4.0,208,129,1,1.0,1283,284
365,1,203,365,205.0,160.0,0.5616438356164384,134,134,130,7,345,310,0.8493150684931506,81,104,210,200,0.547945205479452,166,181,203,203,0.5561643835616439,196,231,0,0,0,0,0,0,0,0,1,8,3,19,2,9,1,3,0,1.3397260273972602,11,181,145,47.89041095890411,145,41,0.0,0.5589041095890411,4.0,216,145,0,0.0,1284,285
365,1,192,365,194.0,171.0,0.5315068493150685,137,137,135,14,329,300,0.821917808219178,105,136,202,200,0.547945205479452,173,188,198,192,0.5260273972602739,204,237,0,0,0,0,1,4,5,31,3,22,1,7,3,10,1,2,2,1.3753424657534246,9,174,93,43.67123287671233,129,46,0.0,0.5287671232876713,3.0,220,93,2,0.0,1285,286
365,1,185,365,186.0,179.0,0.5095890410958904,126,126,124,11,362,317,0.8684931506849315,71,91,186,185,0.5068493150684932,191,207,188,185,0.5068493150684932,212,248,0,0,0,0,0,0,0,0,4,33,4,16,2,7,1,1,0,1.36986301369863,10,186,98,45.827397260273976,137,40,1.0,0.5095890410958904,3.0,223,98,0,1.0,1286,287
365,1,209,365,210.0,155.0,0.5753424657534246,136,136,133,7,377,341,0.9342465753424658,55,70,215,214,0.5863013698630137,172,186,214,209,0.5726027397260274,185,220,1,4,0,0,0,0,0,0,0,0,4,21,0,0,2,3,0,1.4,7,168,169,58.27945205479452,169,39,1.0,0.5753424657534246,3.0,217,169,0,1.0,1287,288
365,1,204,365,206.0,159.0,0.5643835616438356,144,144,140,5,365,322,0.8821917808219178,74,95,215,209,0.5726027397260274,166,181,208,204,0.5589041095890411,193,229,1,5,0,0,0,0,1,5,0,0,2,11,1,5,0,0,1,1.3178082191780822,9,169,145,50.26575342465753,145,39,0.0,0.5616438356164384,3.0,207,145,1,0.0,1288,289
365,1,188,365,190.0,175.0,0.5205479452054794,130,130,128,17,362,322,0.8821917808219178,71,91,200,189,0.5178082191780822,174,191,190,188,0.5150684931506849,201,241,2,7,0,0,0,0,3,14,4,27,3,16,3,9,2,5,0,1.3726027397260274,10,178,67,47.14246575342466,159,37,0.0,0.5178082191780822,3.0,221,67,0,0.0,1289,290
365,1,203,365,204.0,161.0,0.5589041095890411,135,135,131,10,375,339,0.9287671232876712,70,90,211,200,0.547945205479452,170,186,203,203,0.5561643835616439,194,231,3,9,0,0,0,0,1,7,2,6,2,7,1,4,1,3,0,1.4136986301369863,8,170,145,49.23287671232877,145,43,1.0,0.5589041095890411,4.0,213,145,0,1.0,1290,291
365,1,203,365,203.0,162.0,0.5561643835616439,143,143,138,6,345,314,0.8602739726027397,100,129,215,205,0.5616438356164384,170,184,205,203,0.5561643835616439,200,232,0,0,0,0,0,0,3,18,2,12,0,0,1,2,0,0,1,1.4164383561643836,10,153,97,40.79178082191781,119,40,2.0,0.5589041095890411,4.0,213,97,1,2.0,1291,292
365,1,204,365,205.0,160.0,0.5616438356164384,137,137,132,12,331,288,0.7890410958904109,96,124,215,206,0.5643835616438356,165,181,207,204,0.5589041095890411,196,226,0,0,0,0,0,0,4,21,1,8,3,15,2,5,2,4,2,1.473972602739726,11,165,86,43.78356164383562,122,43,1.0,0.5616438356164384,4.0,218,86,2,1.0,1292,293
365,1,202,365,202.0,163.0,0.5534246575342465,136,136,132,6,366,316,0.8657534246575342,74,95,208,200,0.547945205479452,177,193,203,202,0.5534246575342465,198,232,0,0,0,0,0,0,2,11,0,0,2,10,0,0,2,2,0,1.326027397260274,8,176,116,47.50684931506849,120,39,2.0,0.5561643835616439,3.0,218,116,0,2.0,1293,294
365,1,203,365,205.0,160.0,0.5616438356164384,128,128,126,7,349,316,0.8657534246575342,79,102,200,200,0.547945205479452,183,201,203,203,0.5561643835616439,195,234,0,0,0,0,0,0,1,6,3,19,3,18,0,0,0,0,0,1.4876712328767123,10,180,130,45.90684931506849,130,40,0.0,0.5589041095890411,4.0,216,130,0,0.0,1294,295
365,1,203,365,205.0,160.0,0.5616438356164384,146,146,144,10,375,336,0.9205479452054794,63,81,215,210,0.5753424657534246,159,175,209,203,0.5561643835616439,192,226,0,0,1,7,0,0,0,0,1,5,3,14,3,10,2,2,3,1.4082191780821918,9,153,15,54.446575342465756,177,40,0.0,0.5589041095890411,3.0,207,15,3,0.0,1295,296
365,1,188,365,190.0,175.0,0.5205479452054794,128,128,126,8,369,321,0.8794520547945206,78,100,200,194,0.5315068493150685,183,201,192,188,0.5150684931506849,209,245,3,12,1,5,0,0,0,0,3,13,1,4,0,0,0,0,1,1.4,10,185,115,46.104109589041094,129,43,0.0,0.5178082191780822,3.0,219,115,1,0.0,1296,297
365,1,205,365,207.0,158.0,0.5671232876712329,143,143,140,8,349,303,0.8301369863013699,79,102,215,209,0.5726027397260274,170,186,210,205,0.5616438356164384,191,227,1,3,0,0,0,0,2,11,2,15,3,18,0,0,0,0,1,1.4246575342465753,7,149,143,48.21369863013699,143,49,0.0,0.5643835616438356,3.0,212,143,1,0.0,1297,298
365,1,208,365,210.0,155.0,0.5753424657534246,137,137,134,9,359,314,0.8602739726027397,79,102,215,214,0.5863013698630137,173,186,214,208,0.5698630136986301,188,221,2,6,0,0,1,4,1,4,2,11,2,10,0,0,1,2,0,1.5863013698630137,8,157,56,40.701369863013696,125,40,0.0,0.5726027397260274,4.0,211,56,0,0.0,1298,299
365,1,200,365,201.0,164.0,0.5506849315068493,135,135,132,13,349,308,0.8438356164383561,81,104,203,200,0.547945205479452,179,198,203,200,0.547945205479452,198,232,0,0,1,4,0,0,4,21,4,26,3,16,0,0,1,2,0,1.4054794520547946,9,165,127,46.23287671232877,127,42,1.0,0.5506849315068493,4.0,214,127,0,1.0,1299,300
365,1,201,365,203.0,162.0,0.5561643835616439,133,133,129,4,385,340,0.9315068493150684,57,73,212,200,0.547945205479452,171,189,203,201,0.5506849315068493,194,232,0,0,0,0,0,0,1,7,0,0,2,12,0,0,1,2,0,1.4794520547945205,11,172,150,51.11506849315069,150,35,0.0,0.5534246575342465,3.0,209,150,0,0.0,1300,301
365,1,213,365,214.0,151.0,0.5863013698630137,143,143,141,15,388,339,0.9287671232876712,23,29,217,215,0.589041095890411,163,181,218,213,0.5835616438356165,176,213,1,3,0,0,0,0,0,0,2,15,9,44,1,3,2,5,0,1.6493150684931508,10,151,156,57.25479452054795,156,37,1.0,0.5863013698630137,4.0,206,156,0,1.0,1301,302
365,1,192,365,194.0,171.0,0.5315068493150685,129,129,127,11,357,314,0.8602739726027397,88,113,200,199,0.5452054794520548,184,199,198,192,0.5260273972602739,204,238,0,0,0,0,0,0,6,34,2,15,1,3,1,2,1,1,4,1.3205479452054794,9,179,101,47.25205479452055,134,39,0.0,0.5287671232876713,3.0,222,101,4,0.0,1302,303
365,1,199,365,200.0,165.0,0.547945205479452,133,133,131,8,400,346,0.947945205479452,43,55,201,200,0.547945205479452,183,200,203,199,0.5452054794520548,199,234,0,0,1,7,0,0,1,4,2,16,4,15,0,0,0,0,0,1.4191780821917808,10,165,122,49.68767123287671,138,41,1.0,0.547945205479452,4.0,223,122,0,1.0,1303,304
365,1,205,365,207.0,158.0,0.5671232876712329,142,142,139,8,375,331,0.9068493150684932,60,77,215,210,0.5753424657534246,168,183,211,205,0.5616438356164384,186,223,2,7,0,0,0,0,0,0,0,0,4,17,1,3,1,3,2,1.4082191780821918,8,161,139,50.31506849315068,139,38,0.0,0.5643835616438356,3.0,209,139,2,0.0,1304,305
365,1,193,365,195.0,170.0,0.5342465753424658,130,130,128,11,363,314,0.8602739726027397,69,89,200,200,0.547945205479452,185,201,198,193,0.5287671232876713,203,237,1,4,0,0,1,6,1,6,3,19,4,17,0,0,1,2,1,1.4876712328767123,9,169,111,46.15890410958904,119,39,0.0,0.5315068493150685,3.0,224,111,1,0.0,1305,306
365,1,213,365,215.0,150.0,0.589041095890411,141,141,139,10,361,314,0.8602739726027397,67,86,221,215,0.589041095890411,158,175,218,213,0.5835616438356165,179,218,1,2,0,0,0,0,2,11,0,0,4,21,2,5,1,1,0,1.5205479452054795,10,146,136,45.83561643835616,136,39,0.0,0.5863013698630137,3.0,207,136,0,0.0,1306,307
365,1,189,365,190.0,175.0,0.5205479452054794,131,131,129,9,363,322,0.8821917808219178,64,82,200,190,0.5205479452054794,176,193,190,189,0.5178082191780822,207,247,2,4,0,0,0,0,0,0,1,9,4,22,2,7,0,0,1,1.3150684931506849,9,171,145,51.57534246575342,145,41,1.0,0.5205479452054794,3.0,221,145,1,1.0,1307,308
365,1,202,365,203.0,162.0,0.5561643835616439,135,135,131,9,352,315,0.863013698630137,88,113,210,200,0.547945205479452,171,188,203,202,0.5534246575342465,197,234,1,4,0,0,1,6,3,17,1,4,2,7,1,3,0,0,0,1.36986301369863,8,167,119,45.3041095890411,119,39,1.0,0.5561643835616439,3.0,206,119,0,1.0,1308,309
365,1,204,365,206.0,159.0,0.5643835616438356,137,137,133,9,369,326,0.8931506849315068,65,84,215,211,0.5780821917808219,164,179,208,204,0.5589041095890411,190,229,0,0,0,0,0,0,2,11,2,13,3,16,2,6,0,0,6,1.5315068493150685,9,172,154,48.153424657534245,154,41,0.0,0.5616438356164384,3.0,209,154,6,0.0,1309,310
365,1,188,365,190.0,175.0,0.5205479452054794,122,122,119,14,345,315,0.863013698630137,64,82,196,185,0.5068493150684932,185,201,188,188,0.5150684931506849,202,246,0,0,0,0,0,0,5,33,1,6,6,36,1,4,1,3,0,1.4,10,185,167,58.28493150684932,167,36,0.0,0.5178082191780822,3.0,223,167,0,0.0,1310,311
365,1,209,365,210.0,155.0,0.5753424657534246,135,135,133,10,328,285,0.7808219178082192,95,123,215,213,0.5835616438356165,167,186,214,209,0.5726027397260274,188,220,1,2,0,0,1,3,3,20,1,5,3,18,0,0,1,3,2,1.7534246575342465,13,162,16,40.298630136986304,132,45,1.0,0.5753424657534246,3.0,208,16,2,1.0,1311,312
365,1,191,365,192.0,173.0,0.5260273972602739,131,131,129,6,371,319,0.873972602739726,66,85,200,195,0.5342465753424658,180,197,194,191,0.5232876712328767,205,243,0,0,0,0,0,0,0,0,2,12,3,14,1,4,0,0,3,1.3123287671232877,8,178,105,46.18630136986302,130,39,1.0,0.5260273972602739,3.0,217,105,3,1.0,1312,313
365,1,188,365,190.0,175.0,0.5205479452054794,130,130,128,10,349,318,0.8712328767123287,81,104,200,192,0.5260273972602739,182,199,192,188,0.5150684931506849,208,241,1,5,0,0,0,0,1,7,1,4,4,16,1,2,2,4,2,1.358904109589041,10,173,101,44.21917808219178,128,44,0.0,0.5178082191780822,3.0,221,101,2,0.0,1313,314
365,1,203,365,205.0,160.0,0.5616438356164384,138,138,133,12,357,318,0.8712328767123287,70,90,215,204,0.5589041095890411,171,186,205,203,0.5561643835616439,194,231,0,0,1,3,1,5,4,22,1,5,4,21,0,0,1,1,0,1.5287671232876712,12,161,137,47.205479452054796,137,46,0.0,0.5589041095890411,4.0,218,137,0,0.0,1314,315
365,1,188,365,190.0,175.0,0.5205479452054794,124,124,121,10,375,330,0.9041095890410958,58,74,199,186,0.5095890410958904,178,194,188,188,0.5150684931506849,206,242,1,3,0,0,0,0,0,0,1,8,3,19,2,7,3,6,1,1.284931506849315,7,182,78,50.24931506849315,158,41,0.0,0.5178082191780822,3.0,227,78,1,0.0,1315,316
365,1,203,365,204.0,161.0,0.5589041095890411,140,140,136,10,345,309,0.8465753424657534,75,97,210,200,0.547945205479452,174,191,203,203,0.5561643835616439,201,234,0,0,0,0,0,0,3,17,2,13,5,25,0,0,0,0,0,1.3945205479452054,8,167,150,45.0986301369863,150,45,1.0,0.5589041095890411,5.0,216,150,0,1.0,1316,317
365,1,203,365,203.0,162.0,0.5561643835616439,132,132,129,12,341,291,0.7972602739726027,92,119,214,200,0.547945205479452,166,182,203,203,0.5561643835616439,192,230,0,0,0,0,0,0,4,28,2,11,2,11,2,5,2,4,0,1.473972602739726,10,169,107,41.99452054794521,108,48,2.0,0.5589041095890411,3.0,215,107,0,2.0,1317,318
365,1,203,365,205.0,160.0,0.5616438356164384,140,140,137,8,368,317,0.8684931506849315,78,100,213,200,0.547945205479452,168,188,203,203,0.5561643835616439,193,227,1,2,0,0,1,4,1,8,2,13,1,5,0,0,2,6,0,1.2328767123287672,7,164,132,48.912328767123284,132,43,0.0,0.5589041095890411,3.0,203,132,0,0.0,1318,319
365,1,203,365,205.0,160.0,0.5616438356164384,134,134,131,8,382,341,0.9342465753424658,59,76,215,208,0.5698630136986301,167,179,208,203,0.5561643835616439,186,226,0,0,1,4,0,0,0,0,1,10,3,12,2,6,1,3,2,1.5205479452054795,8,160,178,61.728767123287675,178,40,0.0,0.5589041095890411,3.0,214,178,2,0.0,1319,320
365,1,207,365,209.0,156.0,0.5726027397260274,132,132,130,10,348,304,0.8328767123287671,75,97,220,215,0.589041095890411,163,177,215,207,0.5671232876712329,181,219,0,0,0,0,1,5,2,9,1,9,4,22,1,4,1,3,0,1.7205479452054795,11,168,43,36.534246575342465,127,39,0.0,0.5698630136986301,4.0,209,43,0,0.0,1320,321
365,1,202,365,204.0,161.0,0.5589041095890411,129,129,127,10,345,314,0.8602739726027397,86,111,212,200,0.547945205479452,160,177,203,202,0.5534246575342465,192,234,1,3,0,0,1,4,1,6,2,9,2,14,3,11,0,0,0,1.4438356164383561,9,164,102,44.912328767123284,129,42,0.0,0.5561643835616439,4.0,213,102,0,0.0,1321,322
365,1,203,365,204.0,161.0,0.5589041095890411,138,138,135,10,367,316,0.8657534246575342,71,91,204,200,0.547945205479452,176,192,203,203,0.5561643835616439,194,232,0,0,0,0,1,6,2,9,2,13,3,12,1,5,1,2,0,1.4904109589041097,8,168,110,46.97808219178082,123,42,1.0,0.5589041095890411,3.0,216,110,0,1.0,1322,323
365,1,203,365,205.0,160.0,0.5616438356164384,136,136,133,10,351,309,0.8465753424657534,73,94,215,201,0.5506849315068493,168,186,204,203,0.5561643835616439,200,233,1,4,1,3,1,4,2,10,1,5,4,22,0,0,0,0,0,1.441095890410959,10,162,120,43.553424657534244,120,50,0.0,0.5589041095890411,4.0,217,120,0,0.0,1323,324
365,1,200,365,202.0,163.0,0.5534246575342465,140,140,136,14,398,346,0.947945205479452,32,41,209,200,0.547945205479452,163,178,203,200,0.547945205479452,196,234,1,2,0,0,0,0,1,4,3,20,5,27,4,13,0,0,0,1.3452054794520547,8,163,107,51.52054794520548,146,37,0.0,0.5506849315068493,5.0,219,107,0,0.0,1324,325
365,1,206,365,208.0,157.0,0.5698630136986301,140,140,139,8,345,308,0.8438356164383561,88,113,215,214,0.5863013698630137,172,186,212,206,0.5643835616438356,191,225,0,0,0,0,0,0,2,12,3,17,3,12,0,0,0,0,2,1.4356164383561645,11,165,111,35.14246575342466,111,39,0.0,0.5671232876712329,4.0,214,111,2,0.0,1325,326
365,1,204,365,205.0,160.0,0.5616438356164384,137,137,132,5,367,318,0.8712328767123287,67,86,215,204,0.5589041095890411,171,186,205,204,0.5589041095890411,194,226,0,0,0,0,0,0,0,0,0,0,3,16,0,0,2,5,0,1.3315068493150686,7,171,151,49.14246575342466,151,39,1.0,0.5616438356164384,3.0,208,151,0,1.0,1326,327
365,1,200,365,202.0,163.0,0.5534246575342465,129,129,126,12,358,315,0.863013698630137,52,67,214,201,0.5506849315068493,171,187,204,200,0.547945205479452,198,233,0,0,1,6,0,0,2,11,1,8,8,38,0,0,0,0,0,1.6493150684931508,11,161,154,52.07945205479452,154,36,0.0,0.5506849315068493,4.0,212,154,0,0.0,1327,328
365,1,207,365,207.0,158.0,0.5671232876712329,141,141,140,7,332,295,0.8082191780821918,99,128,215,215,0.589041095890411,168,186,212,207,0.5671232876712329,184,224,0,0,0,0,0,0,4,23,0,0,2,11,0,0,1,1,5,1.5616438356164384,9,152,14,41.75890410958904,138,40,2.0,0.5698630136986301,4.0,215,14,5,2.0,1328,329
365,1,179,365,181.0,184.0,0.4958904109589041,127,127,124,15,388,341,0.9342465753424658,52,67,189,185,0.5068493150684932,180,198,185,179,0.4904109589041096,209,245,0,0,0,0,0,0,1,5,6,44,3,15,3,13,2,6,0,1.3315068493150686,9,181,30,63.3041095890411,202,43,0.0,0.4931506849315068,3.0,228,30,0,0.0,1329,330
365,1,203,365,205.0,160.0,0.5616438356164384,143,143,138,18,354,308,0.8438356164383561,46,59,215,206,0.5643835616438356,167,184,206,203,0.5561643835616439,198,231,1,1,0,0,0,0,5,28,1,9,10,47,1,2,0,0,1,1.6246575342465754,10,153,16,46.41917808219178,150,43,0.0,0.5589041095890411,3.0,210,16,1,0.0,1330,331
365,1,213,365,214.0,151.0,0.5863013698630137,134,134,132,4,383,336,0.9205479452054794,56,72,216,215,0.589041095890411,168,185,218,213,0.5835616438356165,186,219,0,0,0,0,0,0,1,4,0,0,3,15,0,0,0,0,0,1.6547945205479453,9,158,178,56.93150684931507,178,39,1.0,0.5863013698630137,3.0,203,178,0,1.0,1331,332
365,1,215,365,216.0,149.0,0.5917808219178082,144,144,141,10,368,320,0.8767123287671232,63,81,225,215,0.589041095890411,162,176,218,215,0.589041095890411,188,219,0,0,0,0,0,0,4,20,2,12,4,19,0,0,0,0,0,1.4684931506849315,9,159,156,50.50410958904109,156,46,1.0,0.5917808219178082,3.0,205,156,0,1.0,1332,333
365,1,203,365,205.0,160.0,0.5616438356164384,139,139,134,10,352,320,0.8767123287671232,67,86,215,205,0.5616438356164384,169,186,205,203,0.5561643835616439,193,232,0,0,0,0,1,3,1,6,2,14,6,28,0,0,0,0,1,1.4328767123287671,10,165,139,47.054794520547944,139,38,0.0,0.5589041095890411,3.0,208,139,1,0.0,1333,334
365,1,205,365,206.0,159.0,0.5643835616438356,143,143,139,9,359,310,0.8493150684931506,80,103,215,209,0.5726027397260274,166,178,208,205,0.5616438356164384,193,229,0,0,0,0,0,0,4,22,1,7,2,9,2,7,0,0,3,1.4328767123287671,8,159,19,47.69041095890411,152,46,1.0,0.5643835616438356,4.0,209,19,3,1.0,1334,335
365,1,209,365,211.0,154.0,0.5780821917808219,143,143,141,9,345,300,0.821917808219178,74,95,215,215,0.589041095890411,169,186,215,209,0.5726027397260274,190,222,0,0,1,4,0,0,3,17,0,0,5,26,0,0,0,0,2,1.6027397260273972,8,152,75,35.36986301369863,117,52,0.0,0.5753424657534246,3.0,212,75,2,0.0,1335,336
365,1,201,365,202.0,163.0,0.5534246575342465,135,135,131,8,359,315,0.863013698630137,80,103,208,200,0.547945205479452,166,182,203,201,0.5506849315068493,197,234,0,0,1,3,0,0,2,12,1,10,2,9,2,10,0,0,0,1.3945205479452054,9,166,134,47.35068493150685,134,38,1.0,0.5534246575342465,3.0,207,134,0,1.0,1336,337
365,1,203,365,205.0,160.0,0.5616438356164384,138,138,133,10,345,298,0.8164383561643835,82,106,215,206,0.5643835616438356,162,175,206,203,0.5561643835616439,201,231,0,0,0,0,0,0,2,12,1,5,5,18,2,10,0,0,3,1.3452054794520547,9,177,135,46.556164383561644,135,50,0.0,0.5589041095890411,4.0,213,135,3,0.0,1337,338
365,1,188,365,190.0,175.0,0.5205479452054794,134,134,132,6,357,310,0.8493150684931506,80,103,200,191,0.5232876712328767,180,199,191,188,0.5150684931506849,208,243,0,0,0,0,0,0,0,0,2,19,2,11,1,2,1,3,1,1.1945205479452055,9,188,120,45.43561643835616,120,48,0.0,0.5178082191780822,3.0,218,120,1,0.0,1338,339
365,1,196,365,198.0,167.0,0.5424657534246575,131,131,129,9,360,316,0.8657534246575342,62,80,200,200,0.547945205479452,180,199,201,196,0.536986301369863,197,236,0,0,0,0,0,0,3,10,0,0,5,26,1,2,0,0,0,1.452054794520548,9,166,123,45.92328767123288,123,42,0.0,0.5397260273972603,4.0,216,123,0,0.0,1339,340
365,1,197,365,197.0,168.0,0.5397260273972603,131,131,129,13,375,326,0.8931506849315068,44,56,200,200,0.547945205479452,184,201,202,197,0.5397260273972603,202,234,0,0,0,0,1,6,2,11,3,22,6,33,0,0,1,1,1,1.643835616438356,9,159,18,54.99178082191781,184,40,2.0,0.5424657534246575,4.0,218,18,1,2.0,1340,341
365,1,204,365,206.0,159.0,0.5643835616438356,142,142,139,13,358,310,0.8493150684931506,65,84,215,214,0.5863013698630137,168,184,210,204,0.5589041095890411,192,227,2,10,1,4,0,0,0,0,4,29,5,25,1,2,0,0,2,1.5671232876712329,11,153,157,50.52876712328767,157,44,0.0,0.5616438356164384,4.0,217,157,2,0.0,1341,342
365,1,205,365,206.0,159.0,0.5643835616438356,139,139,136,7,364,321,0.8794520547945206,66,85,215,208,0.5698630136986301,169,186,208,205,0.5616438356164384,192,229,1,3,1,3,0,0,1,4,0,0,4,19,0,0,0,0,3,1.4904109589041097,10,171,124,48.37260273972603,124,45,1.0,0.5643835616438356,3.0,208,124,3,1.0,1342,343
365,1,209,365,210.0,155.0,0.5753424657534246,144,144,141,10,341,296,0.810958904109589,93,120,219,214,0.5863013698630137,156,173,212,209,0.5726027397260274,187,224,0,0,0,0,1,2,2,15,1,10,2,10,3,8,1,1,0,1.4794520547945205,8,154,131,43.64931506849315,131,47,1.0,0.5753424657534246,3.0,206,131,0,1.0,1343,344
365,1,203,365,205.0,160.0,0.5616438356164384,137,137,133,7,379,332,0.9095890410958904,67,86,207,200,0.547945205479452,177,194,203,203,0.5561643835616439,199,234,3,7,0,0,0,0,0,0,2,18,2,7,0,0,0,0,0,1.4164383561643836,8,171,113,47.8,132,41,0.0,0.5589041095890411,3.0,212,113,0,0.0,1344,345
365,1,197,365,198.0,167.0,0.5424657534246575,126,126,125,14,328,288,0.7890410958904109,96,124,200,200,0.547945205479452,178,196,202,197,0.5397260273972603,197,235,1,4,0,0,0,0,4,31,4,24,4,17,1,5,0,0,0,1.4191780821917808,10,167,93,42.49589041095891,121,44,1.0,0.5424657534246575,4.0,220,93,0,1.0,1345,346
365,1,203,365,205.0,160.0,0.5616438356164384,134,134,130,8,359,328,0.8986301369863013,83,107,209,200,0.547945205479452,172,192,203,203,0.5561643835616439,203,234,2,4,1,3,0,0,2,12,1,9,2,6,0,0,0,0,0,1.4383561643835616,9,168,132,46.013698630136986,132,38,0.0,0.5589041095890411,3.0,212,132,0,0.0,1346,347
365,1,197,365,198.0,167.0,0.5424657534246575,138,138,135,14,354,296,0.810958904109589,49,63,203,200,0.547945205479452,175,191,201,197,0.5397260273972603,199,234,0,0,0,0,0,0,4,25,0,0,7,44,2,6,1,2,0,1.3452054794520547,10,172,102,39.79178082191781,116,40,1.0,0.5424657534246575,3.0,218,102,0,1.0,1347,348
365,1,188,365,190.0,175.0,0.5205479452054794,125,125,123,10,345,303,0.8301369863013699,100,129,195,185,0.5068493150684932,185,202,188,188,0.5150684931506849,213,249,1,2,0,0,0,0,5,37,3,23,0,0,1,4,0,0,0,1.2246575342465753,8,188,60,49.64931506849315,143,42,0.0,0.5178082191780822,3.0,215,60,0,0.0,1348,349
365,1,203,365,204.0,161.0,0.5589041095890411,135,135,132,5,347,306,0.8383561643835616,82,106,205,200,0.547945205479452,179,196,203,203,0.5561643835616439,202,234,0,0,0,0,0,0,1,4,1,8,3,16,0,0,0,0,0,1.515068493150685,11,165,116,40.29041095890411,116,44,1.0,0.5589041095890411,3.0,213,116,0,1.0,1349,350
365,1,198,365,199.0,166.0,0.5452054794520548,129,129,125,4,368,320,0.8767123287671232,78,100,210,200,0.547945205479452,173,188,203,198,0.5424657534246575,194,234,0,0,0,0,0,0,1,3,1,10,1,5,1,3,0,0,0,1.621917808219178,9,165,117,44.35342465753425,117,40,1.0,0.5452054794520548,3.0,215,117,0,1.0,1350,351
365,1,188,365,190.0,175.0,0.5205479452054794,133,133,130,9,338,293,0.8027397260273973,99,128,199,186,0.5095890410958904,183,200,188,188,0.5150684931506849,212,249,1,5,0,0,0,0,2,14,3,27,2,6,1,2,0,0,1,1.1945205479452055,8,183,89,44.4,119,41,0.0,0.5178082191780822,3.0,231,89,1,0.0,1351,352
365,1,207,365,209.0,156.0,0.5726027397260274,138,138,135,10,354,309,0.8465753424657534,82,106,215,214,0.5863013698630137,167,182,213,207,0.5671232876712329,186,224,1,4,1,6,1,4,3,16,0,0,3,11,1,4,0,0,4,1.5835616438356164,11,160,147,48.12328767123287,147,45,0.0,0.5698630136986301,3.0,209,147,4,0.0,1352,353
365,1,217,365,218.0,147.0,0.5972602739726027,150,150,148,7,367,319,0.873972602739726,65,84,218,215,0.589041095890411,161,178,218,217,0.5945205479452055,190,219,1,5,0,0,0,0,0,0,1,5,3,18,2,5,0,0,0,1.4246575342465753,10,150,161,52.88767123287671,161,42,1.0,0.5972602739726027,3.0,203,161,0,1.0,1353,354
365,1,198,365,199.0,166.0,0.5452054794520548,137,137,133,13,360,323,0.8849315068493151,62,80,210,200,0.547945205479452,176,191,203,198,0.5424657534246575,187,228,2,10,0,0,1,5,1,5,2,17,5,26,0,0,2,5,0,1.356164383561644,9,170,145,50.156164383561645,145,40,1.0,0.5452054794520548,4.0,211,145,0,1.0,1354,355
365,1,204,365,206.0,159.0,0.5643835616438356,131,131,127,4,365,326,0.8931506849315068,74,95,215,206,0.5643835616438356,167,183,208,204,0.5589041095890411,192,229,0,0,0,0,0,0,0,0,1,6,2,11,1,3,0,0,0,1.7095890410958905,12,163,156,53.9041095890411,156,39,0.0,0.5616438356164384,3.0,221,156,0,0.0,1355,356
365,1,198,365,200.0,165.0,0.547945205479452,127,127,125,14,345,304,0.8328767123287671,66,85,200,200,0.547945205479452,177,193,203,198,0.5424657534246575,199,234,1,2,0,0,0,0,2,12,2,14,6,34,3,7,0,0,0,1.4191780821917808,7,159,138,44.78904109589041,138,45,0.0,0.5452054794520548,3.0,218,138,0,0.0,1356,357
365,1,194,365,195.0,170.0,0.5342465753424658,127,127,124,11,366,322,0.8821917808219178,49,63,204,199,0.5452054794520548,179,197,199,194,0.5315068493150685,205,238,0,0,0,0,0,0,2,14,2,12,7,35,0,0,0,0,1,1.3506849315068492,10,184,148,49.63013698630137,148,38,1.0,0.5342465753424658,3.0,227,148,1,1.0,1357,358
365,1,195,365,197.0,168.0,0.5397260273972603,135,135,132,5,375,333,0.9123287671232877,68,87,203,200,0.547945205479452,181,198,200,195,0.5342465753424658,200,237,1,5,0,0,0,0,1,6,1,10,2,9,0,0,0,0,2,1.4082191780821918,11,170,129,49.93150684931507,131,41,0.0,0.536986301369863,4.0,218,129,2,0.0,1358,359
365,1,203,365,205.0,160.0,0.5616438356164384,139,139,136,8,371,321,0.8794520547945206,76,98,215,202,0.5534246575342465,166,181,203,203,0.5561643835616439,192,231,2,5,0,0,0,0,2,8,1,4,1,4,1,5,1,3,0,1.4931506849315068,11,162,42,46.32876712328767,147,41,0.0,0.5589041095890411,4.0,218,42,0,0.0,1359,360
365,1,209,365,211.0,154.0,0.5780821917808219,137,137,134,9,363,322,0.8821917808219178,66,85,215,215,0.589041095890411,169,184,214,209,0.5726027397260274,189,223,1,2,0,0,1,6,2,12,0,0,4,20,1,2,0,0,3,1.4383561643835616,9,169,152,47.23013698630137,152,38,0.0,0.5753424657534246,3.0,200,152,3,0.0,1360,361
365,1,199,365,200.0,165.0,0.547945205479452,138,138,134,15,386,339,0.9287671232876712,31,39,207,200,0.547945205479452,176,192,203,199,0.5452054794520548,193,231,1,4,0,0,0,0,3,16,2,16,7,38,1,2,1,3,0,1.358904109589041,9,176,120,50.12054794520548,133,42,1.0,0.547945205479452,3.0,216,120,0,1.0,1361,362
365,1,201,365,203.0,162.0,0.5561643835616439,132,132,130,10,368,314,0.8602739726027397,60,77,201,200,0.547945205479452,175,191,203,201,0.5506849315068493,198,234,0,0,1,7,0,0,1,5,1,7,5,22,2,8,0,0,0,1.4876712328767123,9,166,150,48.205479452054796,150,41,0.0,0.5534246575342465,4.0,219,150,0,0.0,1362,363
365,1,205,365,207.0,158.0,0.5671232876712329,145,145,142,12,350,302,0.8273972602739726,66,85,215,212,0.5808219178082191,171,184,211,205,0.5616438356164384,192,224,0,0,1,3,1,4,1,7,0,0,7,30,1,2,1,2,3,1.5013698630136987,8,146,132,46.23835616438356,132,40,0.0,0.5643835616438356,3.0,207,132,3,0.0,1363,364
365,1,204,365,206.0,159.0,0.5643835616438356,135,135,130,4,400,358,0.9808219178082191,43,55,215,206,0.5643835616438356,170,186,206,204,0.5589041095890411,193,228,0,0,0,0,0,0,0,0,0,0,3,15,0,0,1,3,2,1.5095890410958903,8,172,168,54.73972602739726,168,45,0.0,0.5616438356164384,4.0,212,168,2,0.0,1364,365
365,1,208,365,209.0,156.0,0.5726027397260274,138,138,137,7,362,314,0.8602739726027397,81,104,215,215,0.589041095890411,167,184,213,208,0.5698630136986301,192,224,1,4,1,5,0,0,2,14,1,10,1,6,1,2,0,0,5,1.5917808219178082,8,166,55,43.3041095890411,134,37,1.0,0.5726027397260274,4.0,208,55,5,1.0,1365,366
365,1,202,365,204.0,161.0,0.5589041095890411,142,142,137,9,365,319,0.873972602739726,70,90,215,203,0.5561643835616439,166,182,205,202,0.5534246575342465,194,232,0,0,0,0,0,0,3,14,2,17,3,15,1,4,0,0,1,1.4931506849315068,10,163,155,49.73972602739726,155,36,0.0,0.5561643835616439,4.0,213,155,1,0.0,1366,367
365,1,206,365,208.0,157.0,0.5698630136986301,141,141,138,13,348,314,0.8602739726027397,73,94,215,215,0.589041095890411,161,175,213,206,0.5643835616438356,184,217,0,0,0,0,0,0,3,19,1,8,5,25,2,10,2,6,4,1.4657534246575343,8,166,123,46.93150684931507,123,45,0.0,0.5671232876712329,4.0,207,123,4,0.0,1367,368
365,1,188,365,190.0,175.0,0.5205479452054794,122,122,119,12,366,319,0.873972602739726,63,81,196,185,0.5068493150684932,187,205,188,188,0.5150684931506849,208,245,0,0,0,0,0,0,1,8,3,25,6,21,0,0,2,4,0,1.2821917808219179,8,194,112,47.59452054794521,130,45,0.0,0.5178082191780822,4.0,226,112,0,0.0,1368,369
365,1,201,365,201.0,164.0,0.5506849315068493,142,142,140,6,360,326,0.8931506849315068,75,97,202,200,0.547945205479452,180,199,203,201,0.5506849315068493,193,234,1,5,0,0,0,0,1,7,2,16,2,13,0,0,0,0,0,1.3917808219178083,9,157,128,47.726027397260275,128,37,2.0,0.5534246575342465,4.0,211,128,0,2.0,1369,370
365,1,188,365,190.0,175.0,0.5205479452054794,128,128,126,12,361,318,0.8712328767123287,61,78,200,192,0.5260273972602739,177,198,191,188,0.5150684931506849,201,240,1,3,0,0,0,0,3,16,0,0,5,27,1,3,2,5,1,1.3972602739726028,12,181,72,46.52876712328767,155,38,0.0,0.5178082191780822,3.0,231,72,1,0.0,1370,371
365,1,203,365,205.0,160.0,0.5616438356164384,141,141,136,10,381,337,0.9232876712328767,50,64,215,207,0.5671232876712329,155,171,207,203,0.5561643835616439,192,230,0,0,1,5,0,0,0,0,1,8,4,22,4,14,0,0,1,1.4986301369863013,11,163,177,59.35342465753425,177,37,0.0,0.5589041095890411,3.0,221,177,1,0.0,1371,372
365,1,213,365,215.0,150.0,0.589041095890411,143,143,140,5,375,323,0.8849315068493151,70,90,223,215,0.589041095890411,160,176,218,213,0.5835616438356165,182,218,0,0,0,0,0,0,1,5,0,0,2,7,1,2,1,1,0,1.6465753424657534,9,156,140,48.56438356164384,140,50,0.0,0.5863013698630137,3.0,209,140,0,0.0,1372,373
365,1,191,365,193.0,172.0,0.5287671232876713,132,132,130,10,370,325,0.8904109589041096,58,74,200,200,0.547945205479452,185,201,197,191,0.5232876712328767,204,240,1,5,0,0,0,0,2,11,1,5,6,23,0,0,0,0,6,1.3041095890410959,8,172,136,47.04657534246575,136,40,0.0,0.5260273972602739,3.0,216,136,6,0.0,1373,374
365,1,210,365,211.0,154.0,0.5780821917808219,143,143,141,7,375,327,0.8958904109589041,77,99,217,215,0.589041095890411,158,173,216,210,0.5753424657534246,181,218,1,5,0,0,0,0,1,5,2,8,0,0,2,10,1,3,2,1.5972602739726027,11,154,166,55.131506849315066,166,42,1.0,0.5780821917808219,3.0,202,166,2,1.0,1374,375
365,1,193,365,193.0,172.0,0.5287671232876713,135,135,133,10,367,320,0.8767123287671232,64,82,200,199,0.5452054794520548,176,191,198,193,0.5287671232876713,204,238,0,0,0,0,1,6,1,4,0,0,4,19,3,9,1,1,2,1.4054794520547946,10,172,119,47.487671232876714,125,38,2.0,0.5315068493150685,4.0,216,119,2,2.0,1375,376
365,1,202,365,204.0,161.0,0.5589041095890411,137,137,132,14,356,304,0.8328767123287671,57,74,215,201,0.5506849315068493,168,184,203,202,0.5534246575342465,198,232,2,8,0,0,0,0,3,14,1,5,6,34,1,2,1,2,1,1.3506849315068492,10,171,21,44.35342465753425,151,45,0.0,0.5561643835616439,4.0,217,21,1,0.0,1376,377
365,1,193,365,194.0,171.0,0.5315068493150685,133,133,131,10,388,341,0.9342465753424658,49,63,202,199,0.5452054794520548,182,197,198,193,0.5287671232876713,202,236,1,4,0,0,0,0,1,4,2,17,4,18,1,2,1,3,1,1.3863013698630138,9,165,117,51.92602739726028,144,38,1.0,0.5315068493150685,4.0,220,117,1,1.0,1377,378
365,1,209,365,210.0,155.0,0.5753424657534246,139,139,136,8,352,314,0.8602739726027397,81,104,221,215,0.589041095890411,161,178,215,209,0.5726027397260274,186,222,2,8,0,0,0,0,3,21,0,0,2,14,1,2,0,0,1,1.6356164383561644,9,154,148,46.92328767123288,148,41,1.0,0.5753424657534246,4.0,212,148,1,1.0,1378,379
365,1,206,365,208.0,157.0,0.5698630136986301,141,141,137,9,362,316,0.8657534246575342,72,93,215,212,0.5808219178082191,163,181,212,206,0.5643835616438356,186,224,0,0,0,0,0,0,1,7,3,21,3,15,1,5,1,1,1,1.5123287671232877,8,156,152,51.172602739726024,152,44,0.0,0.5671232876712329,3.0,209,152,1,0.0,1379,380
365,1,199,365,200.0,165.0,0.547945205479452,137,137,133,11,346,316,0.8657534246575342,82,106,210,200,0.547945205479452,171,186,203,199,0.5452054794520548,191,228,0,0,0,0,0,0,5,33,0,0,3,17,1,5,2,5,0,1.4712328767123288,9,173,133,46.0,133,36,1.0,0.547945205479452,3.0,211,133,0,1.0,1380,381
365,1,193,365,193.0,172.0,0.5287671232876713,126,126,124,8,346,317,0.8684931506849315,95,123,200,200,0.547945205479452,180,199,199,193,0.5287671232876713,201,238,0,0,0,0,0,0,5,30,1,10,1,4,1,2,0,0,1,1.4684931506849315,10,176,181,62.534246575342465,181,38,2.0,0.5315068493150685,4.0,223,181,1,2.0,1381,382
365,1,203,365,205.0,160.0,0.5616438356164384,133,133,128,5,367,320,0.8767123287671232,74,95,215,202,0.5534246575342465,166,186,204,203,0.5561643835616439,197,233,0,0,0,0,0,0,0,0,2,14,3,9,0,0,0,0,1,1.5534246575342465,10,171,157,52.20821917808219,157,42,0.0,0.5589041095890411,4.0,206,157,1,0.0,1382,383
365,1,209,365,209.0,156.0,0.5726027397260274,149,149,147,8,375,325,0.8904109589041096,63,81,217,214,0.5863013698630137,165,182,215,209,0.5726027397260274,185,220,1,3,0,0,0,0,1,6,0,0,4,14,1,2,1,2,1,1.3835616438356164,8,148,150,51.41917808219178,150,43,2.0,0.5753424657534246,4.0,214,150,1,2.0,1383,384
365,1,203,365,205.0,160.0,0.5616438356164384,145,145,140,11,372,330,0.9041095890410958,62,80,215,203,0.5561643835616439,161,175,205,203,0.5561643835616439,199,232,1,3,0,0,1,6,3,17,0,0,4,17,2,10,0,0,0,1.3753424657534246,9,162,105,44.701369863013696,136,45,0.0,0.5589041095890411,3.0,211,105,0,0.0,1384,385
365,1,205,365,207.0,158.0,0.5671232876712329,142,142,139,8,380,341,0.9342465753424658,64,82,215,213,0.5835616438356165,169,182,210,205,0.5616438356164384,183,225,0,0,1,6,0,0,2,12,0,0,2,9,2,4,1,2,6,1.5123287671232877,10,154,173,53.41917808219178,173,44,0.0,0.5643835616438356,3.0,212,173,6,0.0,1385,386
365,1,202,365,202.0,163.0,0.5534246575342465,130,130,126,16,356,315,0.863013698630137,59,76,206,200,0.547945205479452,171,187,203,202,0.5534246575342465,202,228,0,0,0,0,0,0,3,17,2,13,7,32,2,7,2,5,0,1.6493150684931508,13,161,157,51.21643835616438,157,39,2.0,0.5561643835616439,4.0,212,157,0,2.0,1386,387
365,1,203,365,205.0,160.0,0.5616438356164384,144,144,139,14,345,299,0.8191780821917808,90,116,215,205,0.5616438356164384,165,178,206,203,0.5561643835616439,195,227,1,4,0,0,0,0,4,22,3,18,2,10,2,7,2,4,0,1.4136986301369863,9,149,125,45.63013698630137,125,45,0.0,0.5589041095890411,3.0,200,125,0,0.0,1387,388
365,1,202,365,204.0,161.0,0.5589041095890411,135,135,132,13,363,318,0.8712328767123287,62,80,215,200,0.547945205479452,152,166,203,202,0.5534246575342465,193,233,0,0,0,0,1,5,3,18,0,0,4,24,4,18,1,1,0,1.4136986301369863,10,172,116,47.15068493150685,118,42,0.0,0.5561643835616439,3.0,218,116,0,0.0,1388,389
365,1,192,365,193.0,172.0,0.5287671232876713,130,130,128,9,370,325,0.8904109589041096,67,86,200,198,0.5424657534246575,180,198,199,192,0.5260273972602739,195,234,1,3,0,0,0,0,1,7,1,7,3,14,1,3,2,4,2,1.4219178082191781,9,164,128,51.153424657534245,128,42,1.0,0.5287671232876713,3.0,221,128,2,1.0,1389,390
365,1,203,365,205.0,160.0,0.5616438356164384,137,137,132,11,355,307,0.8410958904109589,83,107,215,207,0.5671232876712329,167,178,207,203,0.5561643835616439,192,230,0,0,1,6,0,0,4,21,2,16,2,9,2,7,0,0,3,1.4794520547945205,8,163,39,41.83561643835616,140,43,0.0,0.5589041095890411,3.0,222,39,3,0.0,1390,391
365,1,204,365,206.0,159.0,0.5643835616438356,141,141,136,14,345,321,0.8794520547945206,89,115,215,205,0.5616438356164384,154,170,205,204,0.5589041095890411,200,230,1,4,0,0,0,0,5,32,1,9,2,11,4,15,1,2,1,1.4136986301369863,9,165,69,39.556164383561644,140,45,0.0,0.5616438356164384,3.0,207,69,1,0.0,1391,392
365,1,200,365,202.0,163.0,0.5534246575342465,139,139,136,14,393,341,0.9342465753424658,22,28,215,200,0.547945205479452,163,182,203,200,0.547945205479452,197,231,0,0,0,0,0,0,2,9,2,16,8,41,1,4,1,3,0,1.4383561643835616,11,162,172,56.28493150684932,172,40,0.0,0.5506849315068493,4.0,213,172,0,0.0,1392,393
365,1,203,365,205.0,160.0,0.5616438356164384,133,133,129,12,353,315,0.863013698630137,77,99,210,200,0.547945205479452,167,182,203,203,0.5561643835616439,189,234,2,4,0,0,0,0,2,11,2,18,3,17,3,8,0,0,0,1.4712328767123288,10,172,89,40.824657534246576,126,36,0.0,0.5589041095890411,4.0,211,89,0,0.0,1393,394
365,1,200,365,201.0,164.0,0.5506849315068493,134,134,131,14,374,320,0.8767123287671232,48,61,204,200,0.547945205479452,172,189,203,200,0.547945205479452,191,231,1,2,0,0,0,0,2,10,1,5,7,30,2,7,1,3,0,1.5178082191780822,10,165,157,49.63835616438356,157,40,1.0,0.5506849315068493,3.0,219,157,0,1.0,1394,395
365,1,188,365,190.0,175.0,0.5205479452054794,127,127,124,9,373,323,0.8849315068493151,64,82,200,187,0.5123287671232877,177,196,189,188,0.5150684931506849,212,248,1,4,0,0,0,0,1,6,3,25,3,15,1,5,0,0,1,1.2438356164383562,9,182,113,47.19178082191781,131,40,0.0,0.5178082191780822,3.0,222,113,1,0.0,1395,396
365,1,202,365,204.0,161.0,0.5589041095890411,133,133,130,9,345,311,0.852054794520548,77,99,213,200,0.547945205479452,172,188,203,202,0.5534246575342465,196,231,0,0,0,0,0,0,3,19,0,0,5,23,0,0,1,3,0,1.4958904109589042,11,172,155,49.701369863013696,155,38,0.0,0.5561643835616439,5.0,215,155,0,0.0,1396,397
365,1,207,365,209.0,156.0,0.5726027397260274,141,141,138,13,357,305,0.8356164383561644,78,100,215,213,0.5835616438356165,171,186,212,207,0.5671232876712329,192,224,4,14,0,0,2,7,2,12,1,4,3,13,0,0,1,1,4,1.4712328767123288,10,152,109,42.97260273972603,109,40,0.0,0.5698630136986301,4.0,211,109,4,0.0,1397,398
365,1,200,365,202.0,163.0,0.5534246575342465,137,137,134,9,349,314,0.8602739726027397,86,111,205,200,0.547945205479452,171,186,203,200,0.547945205479452,199,234,0,0,0,0,0,0,3,16,1,10,3,11,2,9,0,0,0,1.3863013698630138,9,173,153,47.704109589041096,153,45,0.0,0.5506849315068493,4.0,218,153,0,0.0,1398,399
365,1,199,365,200.0,165.0,0.547945205479452,136,136,135,7,357,318,0.8712328767123287,91,117,200,200,0.547945205479452,180,198,203,199,0.5452054794520548,194,233,1,2,0,0,0,0,2,12,2,20,0,0,1,3,1,1,0,1.36986301369863,8,165,126,43.821917808219176,126,43,1.0,0.547945205479452,3.0,207,126,0,1.0,1399,400
365,1,182,365,183.0,182.0,0.5013698630136987,120,120,117,10,345,310,0.8493150684931506,84,108,197,185,0.5068493150684932,185,204,188,182,0.4986301369863014,216,249,1,5,0,0,0,0,2,11,4,29,3,16,0,0,0,0,0,1.4301369863013698,9,178,91,42.75342465753425,135,45,1.0,0.5013698630136987,4.0,228,91,0,1.0,1400,401
365,1,205,365,206.0,159.0,0.5643835616438356,140,140,136,10,363,320,0.8767123287671232,69,89,215,209,0.5726027397260274,167,181,209,205,0.5616438356164384,192,225,1,3,0,0,0,0,2,16,1,10,4,17,1,5,1,3,2,1.2876712328767124,7,177,168,56.42465753424658,168,40,1.0,0.5643835616438356,4.0,212,168,2,1.0,1401,402
365,1,202,365,203.0,162.0,0.5561643835616439,139,139,136,9,354,317,0.8684931506849315,71,91,215,201,0.5506849315068493,167,181,203,202,0.5534246575342465,200,234,0,0,0,0,0,0,0,0,2,10,5,22,2,5,0,0,1,1.3863013698630138,11,162,123,47.21095890410959,123,44,1.0,0.5561643835616439,4.0,214,123,1,1.0,1402,403
365,1,202,365,204.0,161.0,0.5589041095890411,141,141,136,12,334,291,0.7972602739726027,92,119,215,202,0.5534246575342465,164,181,204,202,0.5534246575342465,195,233,3,8,0,0,0,0,2,13,2,12,4,16,1,5,0,0,1,1.4575342465753425,9,160,127,42.56986301369863,127,42,0.0,0.5561643835616439,4.0,212,127,1,0.0,1403,404
365,1,193,365,195.0,170.0,0.5342465753424658,130,130,128,5,375,327,0.8958904109589041,54,69,200,200,0.547945205479452,183,201,199,193,0.5287671232876713,196,238,1,2,0,0,0,0,0,0,0,0,4,23,0,0,0,0,4,1.4767123287671233,10,173,49,49.556164383561644,168,40,0.0,0.5315068493150685,3.0,220,49,4,0.0,1404,405
365,1,191,365,193.0,172.0,0.5287671232876713,133,133,131,8,352,317,0.8684931506849315,70,90,200,198,0.5424657534246575,180,199,199,191,0.5232876712328767,201,238,0,0,0,0,0,0,0,0,2,16,5,25,1,2,0,0,2,1.2931506849315069,8,166,71,46.33424657534247,142,36,0.0,0.5260273972602739,3.0,221,71,2,0.0,1405,406
365,1,203,365,205.0,160.0,0.5616438356164384,133,133,129,9,345,311,0.852054794520548,83,107,210,200,0.547945205479452,173,189,203,203,0.5561643835616439,199,231,0,0,0,0,0,0,3,17,0,0,4,17,1,2,1,3,0,1.358904109589041,9,181,162,49.42739726027397,162,44,0.0,0.5589041095890411,3.0,214,162,0,0.0,1406,407
365,1,206,365,208.0,157.0,0.5698630136986301,142,142,139,6,365,320,0.8767123287671232,80,103,215,213,0.5835616438356165,169,184,212,206,0.5643835616438356,190,221,0,0,0,0,1,6,0,0,0,0,1,5,1,2,3,4,0,1.5123287671232877,10,162,150,54.446575342465756,150,42,0.0,0.5671232876712329,3.0,204,150,0,0.0,1407,408
365,1,203,365,205.0,160.0,0.5616438356164384,144,144,139,8,369,318,0.8712328767123287,75,97,215,201,0.5506849315068493,162,178,204,203,0.5561643835616439,204,233,1,4,0,0,0,0,3,16,0,0,2,6,2,7,0,0,0,1.3452054794520547,9,174,123,48.054794520547944,123,48,0.0,0.5589041095890411,4.0,211,123,0,0.0,1408,409
365,1,216,365,215.0,150.0,0.589041095890411,141,141,138,3,373,325,0.8904109589041096,72,93,224,215,0.589041095890411,163,177,218,216,0.5917808219178082,178,219,0,0,0,0,0,0,1,8,1,9,1,6,0,0,0,0,0,1.5726027397260274,9,152,76,37.37260273972603,135,38,3.0,0.5945205479452055,3.0,203,76,0,3.0,1409,410
365,1,191,365,193.0,172.0,0.5287671232876713,131,131,129,17,358,318,0.8712328767123287,68,87,200,199,0.5452054794520548,175,190,196,191,0.5232876712328767,202,238,3,14,0,0,0,0,2,15,4,19,4,22,3,10,1,3,0,1.3424657534246576,8,176,148,49.83013698630137,148,47,0.0,0.5260273972602739,3.0,220,148,0,0.0,1410,411
365,1,212,365,214.0,151.0,0.5863013698630137,140,140,138,4,383,342,0.936986301369863,67,86,215,215,0.589041095890411,170,186,217,212,0.5808219178082191,191,220,0,0,1,7,0,0,1,4,1,6,1,4,0,0,0,0,1,1.5671232876712329,9,151,169,56.04931506849315,169,40,0.0,0.5835616438356165,4.0,203,169,1,0.0,1411,412
365,1,201,365,203.0,162.0,0.5561643835616439,141,141,136,9,362,323,0.8849315068493151,66,85,215,201,0.5506849315068493,164,183,204,201,0.5506849315068493,200,230,1,2,0,0,0,0,1,7,1,10,4,21,1,3,1,3,0,1.378082191780822,9,177,126,41.728767123287675,126,44,0.0,0.5534246575342465,4.0,227,126,0,0.0,1412,413
365,1,188,365,190.0,175.0,0.5205479452054794,128,128,126,13,393,345,0.9452054794520548,33,42,191,185,0.5068493150684932,184,203,188,188,0.5150684931506849,211,249,0,0,0,0,0,0,0,0,5,24,6,30,2,6,0,0,0,1.3013698630136987,7,180,167,55.794520547945204,167,40,0.0,0.5178082191780822,4.0,226,167,0,0.0,1413,414
365,1,203,365,205.0,160.0,0.5616438356164384,134,134,131,12,339,309,0.8465753424657534,61,78,204,200,0.547945205479452,180,197,203,203,0.5561643835616439,196,234,2,6,0,0,1,6,1,6,1,9,7,44,0,0,0,0,0,1.3534246575342466,9,175,93,36.76164383561644,122,36,0.0,0.5589041095890411,4.0,217,93,0,0.0,1414,415
365,1,193,365,194.0,171.0,0.5315068493150685,129,129,127,8,364,315,0.863013698630137,79,102,200,200,0.547945205479452,179,196,198,193,0.5287671232876713,199,237,1,2,0,0,0,0,2,13,2,17,1,6,1,5,1,2,1,1.389041095890411,11,165,112,47.01917808219178,125,40,1.0,0.5315068493150685,4.0,224,112,1,1.0,1415,416
365,1,203,365,205.0,160.0,0.5616438356164384,142,142,137,11,375,335,0.9178082191780822,66,85,215,201,0.5506849315068493,168,186,203,203,0.5561643835616439,193,232,2,7,0,0,1,6,4,24,1,6,2,11,0,0,1,2,1,1.4575342465753425,10,150,137,50.35890410958904,137,38,0.0,0.5589041095890411,4.0,215,137,1,0.0,1416,417
365,1,195,365,196.0,169.0,0.536986301369863,129,129,127,11,358,316,0.8657534246575342,68,87,200,200,0.547945205479452,177,198,201,195,0.5342465753424658,196,234,0,0,0,0,0,0,3,15,2,14,4,22,1,3,1,2,0,1.5698630136986302,9,159,148,49.49589041095891,148,36,1.0,0.536986301369863,3.0,218,148,0,1.0,1417,418
365,1,201,365,203.0,162.0,0.5561643835616439,140,140,137,14,362,308,0.8438356164383561,42,54,205,200,0.547945205479452,169,187,203,201,0.5506849315068493,192,234,1,2,0,0,1,4,1,4,1,10,8,45,2,8,0,0,0,1.4219178082191781,9,157,107,43.347945205479455,118,39,0.0,0.5534246575342465,4.0,213,107,0,0.0,1418,419
365,1,194,365,195.0,170.0,0.5342465753424658,138,138,134,7,357,317,0.8684931506849315,77,99,208,200,0.547945205479452,175,193,200,194,0.5315068493150685,202,237,1,5,0,0,0,0,0,0,3,24,3,14,0,0,0,0,0,1.3534246575342466,9,172,138,47.0958904109589,138,39,1.0,0.5342465753424658,3.0,217,138,0,1.0,1419,420
365,1,218,365,220.0,145.0,0.6027397260273972,139,139,136,8,345,305,0.8356164383561644,85,110,225,215,0.589041095890411,162,176,218,218,0.5972602739726027,182,218,1,3,1,5,0,0,1,4,1,9,3,15,0,0,1,1,0,1.5452054794520549,9,157,30,40.63013698630137,137,41,0.0,0.6,4.0,199,30,0,0.0,1420,421
365,1,187,365,187.0,178.0,0.5123287671232877,127,127,125,10,339,292,0.8,101,130,195,185,0.5068493150684932,190,206,188,187,0.5123287671232877,214,248,1,4,0,0,0,0,4,21,3,19,1,4,0,0,1,1,0,1.1452054794520548,8,187,84,45.43561643835616,130,40,2.0,0.5150684931506849,3.0,226,84,0,2.0,1421,422
365,1,209,365,210.0,155.0,0.5753424657534246,148,148,145,8,348,308,0.8438356164383561,68,87,215,214,0.5863013698630137,168,183,214,209,0.5726027397260274,190,223,0,0,0,0,0,0,1,8,0,0,6,30,1,3,0,0,3,1.3643835616438356,9,158,127,47.0,127,40,1.0,0.5753424657534246,3.0,202,127,3,1.0,1422,423
365,1,190,365,191.0,174.0,0.5232876712328767,134,134,132,11,345,300,0.821917808219178,75,97,200,192,0.5260273972602739,181,201,193,190,0.5205479452054794,208,244,0,0,0,0,0,0,3,18,3,16,5,25,0,0,0,0,1,1.3863013698630138,9,162,95,43.04109589041096,116,37,1.0,0.5232876712328767,3.0,228,95,1,1.0,1423,424
365,1,193,365,195.0,170.0,0.5342465753424658,137,137,134,13,341,302,0.8273972602739726,68,88,203,200,0.547945205479452,172,189,198,193,0.5287671232876713,203,239,1,2,0,0,0,0,1,6,2,15,7,35,2,8,0,0,4,1.3095890410958904,9,175,143,41.63013698630137,143,46,0.0,0.5315068493150685,3.0,216,143,4,0.0,1424,425
365,1,191,365,193.0,172.0,0.5287671232876713,130,130,128,13,345,310,0.8493150684931506,92,119,200,196,0.536986301369863,174,192,195,191,0.5232876712328767,200,239,1,5,1,4,0,0,3,16,3,19,2,8,2,8,1,3,2,1.3972602739726028,10,177,110,48.19178082191781,118,36,0.0,0.5260273972602739,3.0,228,110,2,0.0,1425,426
365,1,205,365,207.0,158.0,0.5671232876712329,135,135,132,6,354,307,0.8410958904109589,81,104,215,212,0.5808219178082191,167,184,211,205,0.5616438356164384,188,226,0,0,0,0,0,0,1,4,1,6,3,12,1,2,0,0,3,1.5452054794520549,9,170,21,44.61369863013699,144,45,0.0,0.5643835616438356,3.0,220,21,3,0.0,1426,427
365,1,203,365,205.0,160.0,0.5616438356164384,144,144,139,6,378,341,0.9342465753424658,67,86,215,207,0.5671232876712329,168,186,206,203,0.5561643835616439,196,231,0,0,0,0,0,0,2,11,2,13,2,8,0,0,0,0,3,1.4821917808219178,10,161,134,49.30684931506849,134,38,0.0,0.5589041095890411,4.0,215,134,3,0.0,1427,428
365,1,210,365,211.0,154.0,0.5780821917808219,137,137,135,12,345,303,0.8301369863013699,85,110,218,215,0.589041095890411,163,178,215,210,0.5753424657534246,181,219,1,3,2,10,1,3,2,13,0,0,3,15,1,5,2,3,0,1.6849315068493151,11,151,31,41.48219178082192,131,42,1.0,0.5780821917808219,4.0,213,31,0,1.0,1428,429
365,1,189,365,190.0,175.0,0.5205479452054794,137,137,135,12,392,335,0.9178082191780822,43,55,200,193,0.5287671232876713,175,192,193,189,0.5178082191780822,203,241,0,0,0,0,0,0,2,12,2,14,5,21,2,8,1,3,0,1.4136986301369863,10,168,129,51.47123287671233,129,37,1.0,0.5205479452054794,3.0,225,129,0,1.0,1429,430
365,1,189,365,191.0,174.0,0.5232876712328767,130,130,128,13,362,319,0.873972602739726,59,76,200,194,0.5315068493150685,179,196,195,189,0.5178082191780822,196,238,0,0,0,0,1,4,0,0,4,25,5,28,1,5,2,4,2,1.36986301369863,7,172,140,49.74520547945205,140,45,0.0,0.5205479452054794,3.0,219,140,2,0.0,1430,431
365,1,206,365,208.0,157.0,0.5698630136986301,138,138,135,9,366,320,0.8767123287671232,69,89,215,213,0.5835616438356165,162,178,212,206,0.5643835616438356,182,223,2,8,0,0,0,0,0,0,1,9,3,15,2,7,1,2,4,1.452054794520548,9,156,157,49.53972602739726,157,40,0.0,0.5671232876712329,4.0,213,157,4,0.0,1431,432
365,1,189,365,191.0,174.0,0.5232876712328767,133,133,131,9,344,295,0.8082191780821918,78,101,200,194,0.5315068493150685,180,201,194,189,0.5178082191780822,200,241,0,0,0,0,0,0,2,14,1,8,5,22,0,0,1,2,0,1.484931506849315,10,164,81,42.9972602739726,135,38,0.0,0.5205479452054794,4.0,225,81,0,0.0,1432,433
365,1,203,365,204.0,161.0,0.5589041095890411,138,138,134,7,370,336,0.9205479452054794,77,99,210,200,0.547945205479452,175,191,203,203,0.5561643835616439,198,233,2,7,1,3,0,0,1,8,1,8,1,4,0,0,1,1,0,1.36986301369863,8,166,154,50.087671232876716,154,40,1.0,0.5589041095890411,3.0,208,154,0,1.0,1433,434
365,1,212,365,213.0,152.0,0.5835616438356165,140,140,138,14,358,315,0.863013698630137,58,74,216,215,0.589041095890411,163,177,217,212,0.5808219178082191,187,217,0,0,0,0,0,0,4,26,1,7,6,32,2,7,1,3,0,1.484931506849315,8,163,23,43.586301369863016,149,48,1.0,0.5835616438356165,3.0,208,23,0,1.0,1434,435
365,1,207,365,209.0,156.0,0.5726027397260274,144,144,141,7,366,321,0.8794520547945206,64,82,215,214,0.5863013698630137,164,182,212,207,0.5671232876712329,186,225,0,0,0,0,0,0,0,0,2,9,4,20,1,4,0,0,1,1.5068493150684932,9,151,96,40.775342465753425,127,44,0.0,0.5698630136986301,3.0,206,96,1,0.0,1435,436
365,1,192,365,193.0,172.0,0.5287671232876713,130,130,128,9,390,353,0.9671232876712329,62,80,200,200,0.547945205479452,176,192,198,192,0.5260273972602739,200,238,1,3,1,4,0,0,1,5,2,14,1,3,2,8,1,1,3,1.4328767123287671,8,167,84,51.89041095890411,169,43,1.0,0.5287671232876713,3.0,213,84,3,1.0,1436,437
365,1,191,365,192.0,173.0,0.5260273972602739,129,129,127,4,364,326,0.8931506849315068,85,110,200,199,0.5452054794520548,177,197,198,191,0.5232876712328767,195,239,1,4,0,0,0,0,0,0,2,13,0,0,1,4,0,0,3,1.5013698630136987,9,169,104,46.556164383561644,137,40,1.0,0.5260273972602739,4.0,224,104,3,1.0,1437,438
365,1,208,365,209.0,156.0,0.5726027397260274,144,144,141,8,350,302,0.8273972602739726,85,110,215,211,0.5780821917808219,167,181,212,208,0.5698630136986301,196,225,1,4,0,0,0,0,2,10,1,4,3,11,1,5,0,0,0,1.4547945205479451,11,162,23,43.131506849315066,137,42,1.0,0.5726027397260274,4.0,204,23,0,1.0,1438,439
365,1,203,365,205.0,160.0,0.5616438356164384,132,132,127,8,375,322,0.8821917808219178,56,72,215,204,0.5589041095890411,171,186,205,203,0.5561643835616439,195,232,2,4,1,4,0,0,1,4,0,0,4,21,0,0,0,0,1,1.5780821917808219,9,168,157,52.72054794520548,157,39,0.0,0.5589041095890411,3.0,221,157,1,0.0,1439,440
365,1,207,365,208.0,157.0,0.5698630136986301,141,141,140,6,375,326,0.8931506849315068,72,93,215,215,0.589041095890411,163,178,214,207,0.5671232876712329,194,223,1,3,0,0,0,0,2,11,0,0,1,5,2,7,0,0,1,1.4904109589041097,9,165,172,54.37260273972603,172,42,1.0,0.5698630136986301,3.0,208,172,1,1.0,1440,441
365,1,209,365,211.0,154.0,0.5780821917808219,147,147,145,6,383,344,0.9424657534246575,67,86,216,215,0.589041095890411,164,182,214,209,0.5726027397260274,190,223,2,7,0,0,0,0,1,5,1,7,1,4,1,3,0,0,2,1.4684931506849315,9,155,172,58.25479452054795,172,40,0.0,0.5753424657534246,4.0,209,172,2,0.0,1441,442
365,1,205,365,207.0,158.0,0.5671232876712329,139,139,135,10,351,310,0.8493150684931506,81,104,215,209,0.5726027397260274,165,178,209,205,0.5616438356164384,193,226,1,2,1,6,0,0,1,8,1,7,3,15,2,7,1,2,1,1.5013698630136987,9,167,152,48.221917808219175,152,38,0.0,0.5643835616438356,3.0,208,152,1,0.0,1442,443
365,1,203,365,205.0,160.0,0.5616438356164384,138,138,133,12,349,314,0.8602739726027397,79,102,215,203,0.5561643835616439,159,176,203,203,0.5561643835616439,194,233,0,0,0,0,0,0,3,16,1,4,4,18,3,9,1,1,3,1.3917808219178083,9,170,40,42.964383561643835,148,43,0.0,0.5589041095890411,4.0,219,40,3,0.0,1443,444
365,1,190,365,191.0,174.0,0.5232876712328767,125,125,123,11,345,311,0.852054794520548,88,113,200,195,0.5342465753424658,179,196,194,190,0.5205479452054794,200,237,1,3,0,0,0,0,2,11,2,18,3,12,1,5,2,5,0,1.2904109589041095,8,177,124,43.3041095890411,124,38,1.0,0.5232876712328767,4.0,224,124,0,1.0,1444,445
365,1,200,365,202.0,163.0,0.5534246575342465,141,141,137,12,347,312,0.8547945205479452,79,102,210,200,0.547945205479452,176,191,203,200,0.547945205479452,193,231,0,0,1,5,0,0,2,12,3,19,5,19,0,0,1,3,0,1.2575342465753425,8,164,41,47.48219178082192,159,38,0.0,0.5506849315068493,4.0,217,41,0,0.0,1445,446
365,1,203,365,205.0,160.0,0.5616438356164384,138,138,133,11,345,321,0.8794520547945206,80,103,215,201,0.5506849315068493,163,178,204,203,0.5561643835616439,196,231,0,0,0,0,1,6,3,18,1,8,3,20,2,7,1,2,0,1.3917808219178083,9,171,159,52.59452054794521,159,46,0.0,0.5589041095890411,4.0,214,159,0,0.0,1446,447
365,1,203,365,205.0,160.0,0.5616438356164384,132,132,129,9,375,321,0.8794520547945206,67,86,213,200,0.547945205479452,165,181,203,203,0.5561643835616439,199,232,0,0,0,0,0,0,1,6,3,24,2,10,2,6,1,2,0,1.4191780821917808,9,174,36,42.78904109589041,150,40,0.0,0.5589041095890411,3.0,216,36,0,0.0,1447,448
365,1,203,365,205.0,160.0,0.5616438356164384,130,130,127,13,345,307,0.8410958904109589,68,87,211,200,0.547945205479452,176,190,203,203,0.5561643835616439,194,228,0,0,2,11,0,0,2,9,1,9,6,32,0,0,2,5,0,1.5506849315068494,11,166,137,42.84109589041096,137,41,0.0,0.5589041095890411,4.0,209,137,0,0.0,1448,449
365,1,196,365,197.0,168.0,0.5397260273972603,131,131,129,6,378,331,0.9068493150684932,57,73,200,200,0.547945205479452,179,197,202,196,0.536986301369863,204,235,0,0,0,0,0,0,0,0,1,7,4,18,1,4,0,0,0,1.3808219178082193,10,179,86,49.54520547945206,145,36,1.0,0.5397260273972603,3.0,214,86,0,1.0,1449,450
365,1,203,365,205.0,160.0,0.5616438356164384,133,133,130,9,380,332,0.9095890410958904,57,73,211,200,0.547945205479452,168,182,203,203,0.5561643835616439,199,233,0,0,1,4,0,0,0,0,2,9,3,16,2,7,1,1,0,1.5890410958904109,11,167,171,53.156164383561645,171,37,0.0,0.5589041095890411,3.0,214,171,0,0.0,1450,451
365,1,204,365,206.0,159.0,0.5643835616438356,136,136,133,14,385,343,0.9397260273972603,36,46,215,214,0.5863013698630137,169,184,211,204,0.5589041095890411,189,225,0,0,1,6,0,0,2,11,2,12,7,33,1,2,1,1,5,1.4547945205479451,11,174,176,56.657534246575345,176,40,0.0,0.5616438356164384,4.0,218,176,5,0.0,1451,452
365,1,193,365,194.0,171.0,0.5315068493150685,134,134,131,9,375,330,0.9041095890410958,59,76,202,200,0.547945205479452,178,197,200,193,0.5287671232876713,202,237,0,0,0,0,0,0,0,0,3,16,5,18,1,2,0,0,2,1.378082191780822,10,181,87,49.35068493150685,145,40,1.0,0.5315068493150685,3.0,222,87,2,1.0,1452,453
365,1,191,365,192.0,173.0,0.5260273972602739,129,129,127,15,346,305,0.8356164383561644,80,103,200,199,0.5452054794520548,184,201,198,191,0.5232876712328767,197,239,1,2,1,4,0,0,4,21,5,32,4,19,0,0,0,0,2,1.4493150684931506,9,170,95,44.21917808219178,124,36,1.0,0.5260273972602739,4.0,222,95,2,1.0,1453,454
365,1,193,365,193.0,172.0,0.5287671232876713,130,130,128,9,368,324,0.8876712328767123,69,89,200,198,0.5424657534246575,179,197,198,193,0.5287671232876713,199,236,0,0,0,0,0,0,1,5,3,22,3,13,1,4,1,3,1,1.4328767123287671,10,175,84,49.23561643835617,149,39,2.0,0.5315068493150685,3.0,217,84,1,2.0,1454,455
365,1,212,365,213.0,152.0,0.5835616438356165,138,138,136,13,375,329,0.9013698630136986,43,55,217,215,0.589041095890411,160,176,218,212,0.5808219178082191,179,216,1,5,0,0,0,0,1,4,2,14,6,34,2,7,1,3,0,1.5698630136986302,9,148,171,53.26849315068493,171,42,1.0,0.5835616438356165,4.0,211,171,0,1.0,1455,456
365,1,208,365,210.0,155.0,0.5753424657534246,142,142,139,12,356,312,0.8547945205479452,64,82,215,214,0.5863013698630137,165,181,213,208,0.5698630136986301,191,224,1,3,1,5,0,0,3,19,1,4,5,28,1,5,0,0,0,1.4931506849315068,9,152,112,45.11780821917808,116,41,0.0,0.5726027397260274,3.0,214,112,0,0.0,1456,457
365,1,195,365,197.0,168.0,0.5397260273972603,127,127,125,7,375,328,0.8986301369863013,61,78,200,200,0.547945205479452,184,201,201,195,0.5342465753424658,202,236,1,4,0,0,0,0,2,9,0,0,4,16,0,0,0,0,1,1.3095890410958904,9,174,91,49.21095890410959,146,39,0.0,0.536986301369863,3.0,219,91,1,0.0,1457,458
365,1,198,365,200.0,165.0,0.547945205479452,140,140,136,14,374,328,0.8986301369863013,61,78,206,200,0.547945205479452,167,181,203,198,0.5424657534246575,197,232,1,2,0,0,0,0,4,22,2,15,3,17,3,13,1,2,0,1.3616438356164384,9,169,99,50.326027397260276,145,42,0.0,0.5452054794520548,4.0,220,99,0,0.0,1458,459
365,1,189,365,190.0,175.0,0.5205479452054794,131,131,129,8,370,321,0.8794520547945206,61,78,200,193,0.5287671232876713,184,201,194,189,0.5178082191780822,207,243,0,0,0,0,0,0,1,7,3,21,4,20,0,0,0,0,2,1.347945205479452,10,175,158,51.175342465753424,158,36,1.0,0.5205479452054794,3.0,227,158,2,1.0,1459,460
365,1,194,365,196.0,169.0,0.536986301369863,129,129,127,8,331,290,0.7945205479452054,94,121,200,199,0.5452054794520548,183,201,200,194,0.5315068493150685,195,235,0,0,0,0,0,0,4,27,0,0,3,17,0,0,1,2,0,1.4684931506849315,10,170,123,46.0986301369863,123,44,0.0,0.5342465753424658,4.0,208,123,0,0.0,1460,461
365,1,201,365,202.0,163.0,0.5534246575342465,134,134,130,4,345,305,0.8356164383561644,89,115,206,200,0.547945205479452,175,192,203,201,0.5506849315068493,197,234,0,0,0,0,0,0,1,4,0,0,2,11,1,3,0,0,0,1.3917808219178083,7,171,144,45.205479452054796,144,39,1.0,0.5534246575342465,3.0,209,144,0,1.0,1461,462
365,1,197,365,198.0,167.0,0.5424657534246575,130,130,129,14,345,310,0.8493150684931506,68,87,200,200,0.547945205479452,186,201,203,197,0.5397260273972603,194,234,1,3,0,0,0,0,4,25,2,14,7,32,0,0,0,0,0,1.4219178082191781,10,166,23,49.989041095890414,153,40,1.0,0.5424657534246575,3.0,216,23,0,1.0,1462,463
365,1,201,365,203.0,162.0,0.5561643835616439,135,135,131,9,361,323,0.8849315068493151,63,81,210,200,0.547945205479452,175,191,203,201,0.5506849315068493,195,232,0,0,0,0,0,0,2,11,1,5,5,25,0,0,1,2,0,1.6082191780821917,11,162,67,45.323287671232876,147,46,0.0,0.5534246575342465,3.0,216,67,0,0.0,1463,464
365,1,202,365,202.0,163.0,0.5534246575342465,136,136,133,4,395,353,0.9671232876712329,54,69,204,200,0.547945205479452,182,197,203,202,0.5534246575342465,197,233,1,3,0,0,0,0,0,0,0,0,2,8,0,0,1,1,0,1.4602739726027398,9,164,121,53.556164383561644,143,41,2.0,0.5561643835616439,3.0,214,121,0,2.0,1464,465
365,1,203,365,205.0,160.0,0.5616438356164384,130,130,126,7,373,329,0.9013698630136986,65,84,211,200,0.547945205479452,173,190,203,203,0.5561643835616439,199,234,1,3,0,0,0,0,1,7,2,11,3,13,0,0,0,0,0,1.4328767123287671,9,176,139,47.104109589041094,139,37,0.0,0.5589041095890411,4.0,221,139,0,0.0,1465,466
365,1,203,365,205.0,160.0,0.5616438356164384,136,136,131,6,376,339,0.9287671232876712,69,89,215,204,0.5589041095890411,164,178,205,203,0.5561643835616439,192,232,0,0,1,4,0,0,0,0,1,6,1,7,3,7,0,0,2,1.3972602739726028,8,176,142,52.57534246575342,142,40,0.0,0.5589041095890411,4.0,218,142,2,0.0,1466,467
365,1,189,365,191.0,174.0,0.5232876712328767,137,137,135,16,345,312,0.8547945205479452,83,107,200,198,0.5424657534246575,179,196,195,189,0.5178082191780822,204,239,3,13,0,0,0,0,3,18,5,37,3,17,1,5,1,3,1,1.284931506849315,10,167,117,46.657534246575345,117,36,0.0,0.5205479452054794,4.0,224,117,1,0.0,1467,468
365,1,195,365,197.0,168.0,0.5397260273972603,116,116,114,10,358,322,0.8821917808219178,68,87,200,200,0.547945205479452,183,201,201,195,0.5342465753424658,202,236,1,3,1,4,0,0,1,8,2,13,5,22,0,0,0,0,0,1.632876712328767,11,181,159,49.942465753424656,159,41,0.0,0.536986301369863,4.0,223,159,0,0.0,1468,469
365,1,189,365,191.0,174.0,0.5232876712328767,123,123,122,3,364,327,0.8958904109589041,78,100,200,198,0.5424657534246575,184,201,193,189,0.5178082191780822,208,244,0,0,0,0,0,0,0,0,1,10,2,8,0,0,0,0,8,1.4164383561643836,9,194,149,51.73698630136986,149,41,0.0,0.5205479452054794,3.0,224,149,8,0.0,1469,470
365,1,203,365,205.0,160.0,0.5616438356164384,132,132,127,12,355,306,0.8383561643835616,76,98,215,204,0.5589041095890411,173,186,204,203,0.5561643835616439,191,227,1,2,0,0,0,0,2,13,3,20,4,16,0,0,2,5,1,1.4931506849315068,9,178,129,43.69315068493151,129,44,0.0,0.5589041095890411,3.0,210,129,1,0.0,1470,471
365,1,209,365,210.0,155.0,0.5753424657534246,143,143,140,8,380,341,0.9342465753424658,62,80,218,215,0.589041095890411,163,178,214,209,0.5726027397260274,188,221,0,0,0,0,1,6,2,10,1,4,2,11,1,5,1,2,4,1.5506849315068494,8,155,59,45.295890410958904,157,40,1.0,0.5753424657534246,3.0,205,59,4,1.0,1471,472
365,1,202,365,204.0,161.0,0.5589041095890411,134,134,131,8,370,324,0.8876712328767123,73,94,203,200,0.547945205479452,170,187,203,202,0.5534246575342465,200,232,2,9,0,0,1,3,0,0,0,0,2,8,2,10,1,2,0,1.4575342465753425,9,169,126,46.487671232876714,126,46,0.0,0.5561643835616439,3.0,213,126,0,0.0,1472,473
365,1,211,365,212.0,153.0,0.5808219178082191,140,140,138,8,345,310,0.8493150684931506,66,85,215,215,0.589041095890411,170,186,218,211,0.5780821917808219,185,219,0,0,0,0,0,0,1,7,0,0,7,34,0,0,0,0,0,1.5780821917808219,10,146,21,43.66849315068493,139,37,1.0,0.5808219178082191,3.0,200,21,0,1.0,1473,474
365,1,203,365,205.0,160.0,0.5616438356164384,140,140,136,8,373,325,0.8904109589041096,64,82,213,200,0.547945205479452,165,179,203,203,0.5561643835616439,204,234,1,3,0,0,0,0,1,4,0,0,3,15,3,8,0,0,0,1.3150684931506849,9,167,87,47.04657534246575,147,38,0.0,0.5589041095890411,3.0,218,87,0,0.0,1474,475
365,1,217,365,217.0,148.0,0.5945205479452055,146,146,144,8,375,339,0.9287671232876712,74,95,216,215,0.589041095890411,171,185,218,217,0.5945205479452055,182,217,2,7,0,0,0,0,3,16,1,7,1,3,0,0,1,2,0,1.5095890410958903,9,151,67,41.16438356164384,138,40,2.0,0.5972602739726027,4.0,210,67,0,2.0,1475,476
365,1,207,365,209.0,156.0,0.5726027397260274,132,132,129,8,336,294,0.8054794520547945,99,128,215,215,0.589041095890411,165,182,214,207,0.5671232876712329,194,223,0,0,1,3,0,0,3,20,1,6,2,8,1,4,0,0,0,1.5534246575342465,9,164,51,36.23013698630137,122,39,0.0,0.5698630136986301,3.0,213,51,0,0.0,1476,477
365,1,198,365,198.0,167.0,0.5424657534246575,140,140,136,10,350,314,0.8602739726027397,84,108,208,200,0.547945205479452,164,180,202,198,0.5424657534246575,197,235,2,7,0,0,0,0,1,8,1,6,2,12,4,12,0,0,1,1.2054794520547945,8,179,91,44.602739726027394,132,40,2.0,0.5452054794520548,3.0,224,91,1,2.0,1477,478
365,1,192,365,194.0,171.0,0.5315068493150685,135,135,133,6,370,328,0.8986301369863013,81,104,200,199,0.5452054794520548,182,201,199,192,0.5260273972602739,200,237,1,4,0,0,0,0,2,14,2,14,0,0,0,0,1,1,3,1.3315068493150686,8,160,99,49.19178082191781,135,36,0.0,0.5287671232876713,4.0,222,99,3,0.0,1478,479
365,1,194,365,195.0,170.0,0.5342465753424658,142,142,140,8,350,314,0.8602739726027397,96,124,202,200,0.547945205479452,173,188,199,194,0.5315068493150685,202,238,1,3,1,7,0,0,2,12,1,7,0,0,3,10,0,0,2,1.2767123287671234,9,168,94,43.558904109589044,131,43,1.0,0.5342465753424658,3.0,221,94,2,1.0,1479,480
365,1,208,365,210.0,155.0,0.5753424657534246,142,142,138,9,353,312,0.8547945205479452,88,113,215,215,0.589041095890411,171,186,214,208,0.5698630136986301,193,223,1,2,2,10,1,3,3,16,1,5,1,6,0,0,0,0,4,1.4794520547945205,9,168,140,49.21095890410959,140,42,0.0,0.5726027397260274,4.0,211,140,4,0.0,1480,481
365,1,207,365,209.0,156.0,0.5726027397260274,139,139,137,7,357,312,0.8547945205479452,76,98,215,213,0.5835616438356165,173,186,212,207,0.5671232876712329,192,225,2,7,0,0,0,0,1,7,1,10,3,15,0,0,0,0,4,1.5671232876712329,11,156,122,44.75890410958904,122,36,0.0,0.5698630136986301,3.0,214,122,4,0.0,1481,482
365,1,209,365,211.0,154.0,0.5780821917808219,142,142,140,7,375,323,0.8849315068493151,59,76,215,215,0.589041095890411,170,186,215,209,0.5726027397260274,192,222,0,0,0,0,1,4,1,5,1,6,4,18,0,0,0,0,3,1.5123287671232877,9,167,25,47.413698630136984,158,39,0.0,0.5753424657534246,4.0,207,25,3,0.0,1482,483
365,1,208,365,209.0,156.0,0.5726027397260274,148,148,145,7,359,315,0.863013698630137,75,97,215,214,0.5863013698630137,172,186,212,208,0.5698630136986301,190,223,1,3,0,0,0,0,1,6,1,5,3,14,0,0,1,2,5,1.367123287671233,10,154,29,43.778082191780825,144,37,1.0,0.5726027397260274,3.0,205,29,5,1.0,1483,484
365,1,200,365,201.0,164.0,0.5506849315068493,130,130,127,5,372,323,0.8849315068493151,75,97,205,200,0.547945205479452,179,196,203,200,0.547945205479452,199,234,1,3,1,7,0,0,1,6,1,6,1,4,0,0,0,0,0,1.452054794520548,9,170,166,53.41095890410959,166,37,1.0,0.5506849315068493,4.0,219,166,0,1.0,1484,485
365,1,203,365,205.0,160.0,0.5616438356164384,141,141,136,6,349,313,0.8575342465753425,92,119,215,203,0.5561643835616439,170,184,204,203,0.5561643835616439,199,233,0,0,0,0,0,0,1,5,2,11,2,5,1,2,0,0,2,1.4794520547945205,10,168,114,45.11506849315069,118,40,0.0,0.5589041095890411,4.0,216,114,2,0.0,1485,486
365,1,203,365,205.0,160.0,0.5616438356164384,144,144,139,12,367,325,0.8904109589041096,44,56,215,206,0.5643835616438356,169,184,207,203,0.5561643835616439,192,230,0,0,0,0,0,0,3,19,1,6,7,39,1,2,0,0,0,1.473972602739726,9,161,10,57.37808219178082,177,45,0.0,0.5589041095890411,3.0,212,10,0,0.0,1486,487
365,1,197,365,199.0,166.0,0.5452054794520548,132,132,129,9,345,294,0.8054794520547945,94,121,204,200,0.547945205479452,173,189,202,197,0.5397260273972603,197,233,0,0,0,0,0,0,2,13,3,23,1,6,2,7,1,2,0,1.4767123287671233,10,165,113,43.12054794520548,113,39,0.0,0.5424657534246575,3.0,228,113,0,0.0,1487,488
365,1,218,365,220.0,145.0,0.6027397260273972,148,148,146,6,375,332,0.9095890410958904,65,83,216,215,0.589041095890411,171,185,218,218,0.5972602739726027,188,219,0,0,1,3,1,3,0,0,1,7,3,12,0,0,0,0,0,1.4164383561643836,9,163,34,43.24931506849315,148,41,0.0,0.6,4.0,198,34,0,0.0,1488,489
365,1,189,365,191.0,174.0,0.5232876712328767,130,130,128,13,365,331,0.9068493150684932,64,82,200,193,0.5287671232876713,174,192,192,189,0.5178082191780822,196,239,1,5,1,4,0,0,1,6,2,14,4,21,2,8,2,5,2,1.4191780821917808,10,175,120,45.13972602739726,133,43,0.0,0.5205479452054794,3.0,220,120,2,0.0,1489,490
365,1,190,365,192.0,173.0,0.5260273972602739,131,131,129,11,345,308,0.8438356164383561,78,100,200,196,0.536986301369863,182,197,194,190,0.5205479452054794,210,243,2,9,0,0,0,0,0,0,3,22,5,22,1,4,0,0,5,1.3452054794520547,10,180,114,42.175342465753424,114,40,0.0,0.5232876712328767,5.0,222,114,5,0.0,1490,491
365,1,210,365,212.0,153.0,0.5808219178082191,144,144,142,6,350,309,0.8465753424657534,80,103,219,215,0.589041095890411,164,179,215,210,0.5753424657534246,187,221,0,0,0,0,0,0,1,7,0,0,3,16,1,3,1,1,2,1.6465753424657534,11,150,116,38.556164383561644,116,38,0.0,0.5780821917808219,3.0,206,116,2,0.0,1491,492
365,1,211,365,213.0,152.0,0.5835616438356165,142,142,141,7,362,316,0.8657534246575342,70,90,215,215,0.589041095890411,169,186,217,211,0.5780821917808219,182,220,1,2,0,0,0,0,2,14,1,8,3,17,0,0,0,0,0,1.5890410958904109,9,134,44,41.5013698630137,145,40,0.0,0.5808219178082191,3.0,208,44,0,0.0,1492,493
365,1,211,365,212.0,153.0,0.5808219178082191,144,144,142,8,375,330,0.9041095890410958,59,76,222,215,0.589041095890411,161,176,217,211,0.5780821917808219,186,217,1,5,0,0,0,0,2,15,0,0,3,18,1,3,1,3,0,1.4438356164383561,10,159,4,53.487671232876714,171,43,1.0,0.5808219178082191,4.0,209,4,0,1.0,1493,494
365,1,203,365,205.0,160.0,0.5616438356164384,140,140,136,6,375,329,0.9013698630136986,70,90,215,210,0.5753424657534246,168,186,208,203,0.5561643835616439,188,229,1,2,1,5,1,4,1,4,1,4,1,7,0,0,0,0,2,1.4219178082191781,9,164,88,48.553424657534244,144,44,0.0,0.5589041095890411,3.0,208,88,2,0.0,1494,495
365,1,218,365,220.0,145.0,0.6027397260273972,140,140,136,4,357,303,0.8301369863013699,83,107,225,215,0.589041095890411,162,176,218,218,0.5972602739726027,189,219,0,0,0,0,0,0,1,5,1,6,2,8,0,0,0,0,0,1.5068493150684932,9,170,0,50.21643835616438,143,39,0.0,0.6,4.0,204,0,0,0.0,1495,496
365,1,199,365,200.0,165.0,0.547945205479452,135,135,132,13,398,344,0.9424657534246575,37,47,204,200,0.547945205479452,167,182,203,199,0.5452054794520548,192,232,2,8,0,0,1,5,1,7,1,7,4,22,3,14,1,2,0,1.3342465753424657,7,177,129,50.106849315068494,137,49,1.0,0.547945205479452,3.0,210,129,0,1.0,1496,497
365,1,188,365,190.0,175.0,0.5205479452054794,125,125,123,9,345,310,0.8493150684931506,90,116,193,185,0.5068493150684932,188,206,188,188,0.5150684931506849,207,248,0,0,0,0,0,0,1,8,3,20,3,10,1,2,1,1,0,1.2136986301369863,9,190,79,48.64109589041096,140,45,0.0,0.5178082191780822,4.0,228,79,0,0.0,1497,498
365,1,203,365,205.0,160.0,0.5616438356164384,130,130,126,10,320,287,0.7863013698630137,108,140,211,200,0.547945205479452,175,190,203,203,0.5561643835616439,200,234,0,0,0,0,0,0,6,33,2,11,2,11,0,0,0,0,0,1.5753424657534247,12,170,128,47.12054794520548,128,44,0.0,0.5589041095890411,3.0,212,128,0,0.0,1498,499
365,1,202,365,204.0,161.0,0.5589041095890411,138,138,136,12,375,334,0.915068493150685,57,73,205,200,0.547945205479452,173,187,203,202,0.5534246575342465,197,232,1,5,0,0,0,0,2,13,1,5,5,20,2,8,1,2,0,1.367123287671233,9,171,136,49.54794520547945,136,42,0.0,0.5561643835616439,3.0,213,136,0,0.0,1499,500
